Protein Group,Protein ID,Protein Accession,Peptide,Unique,-10lgP,Mass,Length,ppm,m/z,z,RT,Area Trocas7-226-NMCP,Fraction,Scan,Source File,#Spec,#Spec Trocas7-226-NMCP,Start,End,PTM,AScore
7,6926,KNOT_13489551_PROKKA_583098,N.VAKHFLR.T,Y,35.23,869.5235,7,12.2,435.7743,2,71.99,0,63,13079,20210407_Trocas7_665_NMCP226_DDA_120min_1.raw,3,3,31,37,,
7,6928,KNOT_22497602_PROKKA_733264,K.VAKHFLR.G,Y,35.23,869.5235,7,12.2,435.7743,2,71.99,0,63,13079,20210407_Trocas7_665_NMCP226_DDA_120min_1.raw,3,3,336,342,,
2,2490,GROUPS_12124742_PROKKA_433805,MHQRPTLQTGK.Y,Y,30.31,1295.6769,11,1.4,432.9002,3,127.25,1.87E7,63,22003,20210407_Trocas7_665_NMCP226_DDA_120min_1.raw,61,61,1,11,,
14,11373,KNOT_6849659_PROKKA_384526,K.NAAISGTAVIN(+.98)N(+.98).P,Y,26.00,1145.5564,12,-0.8,573.7850,2,109.03,1.03E6,63,19221,20210407_Trocas7_665_NMCP226_DDA_120min_1.raw,2,2,68,79,Deamidation (NQ),N11:Deamidation (NQ):59.20;N12:Deamidation (NQ):55.94
30,11374,GROUPS_8915178_PROKKA_200027,K.LLILVQLYK,Y,25.93,1101.7162,9,10.8,551.8713,2,133.20,3.5E4,63,23003,20210407_Trocas7_665_NMCP226_DDA_120min_1.raw,1,1,94,102,,
15,11375,KNOT_30838996_PROKKA_813426,K.IC(+57.02)LSN(+.98)Q(+.98)VSIK,Y,25.51,1162.5903,10,-7.0,582.2984,2,81.77,1.98E6,63,14802,20210407_Trocas7_665_NMCP226_DDA_120min_1.raw,2,2,89,98,Carbamidomethylation; Deamidation (NQ),C2:Carbamidomethylation:1000.00;N5:Deamidation (NQ):1000.00;Q6:Deamidation (NQ):1000.00
31,5276,GROUPS_12647683_PROKKA_470485,R.LSSPATARN(+.98)R.D,Y,24.73,1072.5625,10,-9.5,537.2834,2,53.03,6.15E5,63,9383,20210407_Trocas7_665_NMCP226_DDA_120min_1.raw,1,1,7,16,Deamidation (NQ),N9:Deamidation (NQ):1000.00
5,5934,KNOT_32538509_PROKKA_854302,R.VVVESLPR.Q,Y,24.50,897.5283,8,0.4,449.7716,2,69.31,1.53E6,63,12554,20210407_Trocas7_665_NMCP226_DDA_120min_1.raw,4,4,77,84,,
5,5935,KNOT_32373984_PROKKA_848250,Y.VVVESLPR.T,Y,24.50,897.5283,8,0.4,449.7716,2,69.31,1.53E6,63,12554,20210407_Trocas7_665_NMCP226_DDA_120min_1.raw,4,4,121,128,,
6,2481,KNOT_5879241_PROKKA_348517,C.LATVSLPR.D,Y,23.96,855.5178,8,0.0,428.7662,2,61.65,4.29E7,63,11063,20210407_Trocas7_665_NMCP226_DDA_120min_1.raw,4,4,5,12,,
3,4789,GROUPS_9140978_PROKKA_212107,P.VVTVTVPR.I,Y,23.28,869.5334,8,1.4,435.7746,2,63.56,1.25E8,63,11441,20210407_Trocas7_665_NMCP226_DDA_120min_1.raw,9,9,20,27,,
33,11376,GROUPS_13618963_PROKKA_547223,G.NRKPRK.N,Y,23.06,797.4984,6,1.0,399.7568,2,99.90,9.57E4,63,17784,20210407_Trocas7_665_NMCP226_DDA_120min_1.raw,1,1,48,53,,
33,11377,KNOT_4236668_PROKKA_289894,Q.NRKPRK.W,Y,23.06,797.4984,6,1.0,399.7568,2,99.90,9.57E4,63,17784,20210407_Trocas7_665_NMCP226_DDA_120min_1.raw,1,1,49,54,,
33,11378,KNOT_11055054_PROKKA_522282,T.NRKPRK.K,Y,23.06,797.4984,6,1.0,399.7568,2,99.90,9.57E4,63,17784,20210407_Trocas7_665_NMCP226_DDA_120min_1.raw,1,1,97,102,,
33,11379,GROUPS_9290825_PROKKA_217446,C.NRKPRK.S,Y,23.06,797.4984,6,1.0,399.7568,2,99.90,9.57E4,63,17784,20210407_Trocas7_665_NMCP226_DDA_120min_1.raw,1,1,22,27,,
33,11380,GROUPS_10076987_PROKKA_280151,L.NRKPRK.R,Y,23.06,797.4984,6,1.0,399.7568,2,99.90,9.57E4,63,17784,20210407_Trocas7_665_NMCP226_DDA_120min_1.raw,1,1,126,131,,
33,11381,KNOT_7567905_PROKKA_412941,K.NRKPRK.R,Y,23.06,797.4984,6,1.0,399.7568,2,99.90,9.57E4,63,17784,20210407_Trocas7_665_NMCP226_DDA_120min_1.raw,1,1,72,77,,
33,11382,GROUPS_10057474_PROKKA_277254,K.NRKPRK,Y,23.06,797.4984,6,1.0,399.7568,2,99.90,9.57E4,63,17784,20210407_Trocas7_665_NMCP226_DDA_120min_1.raw,1,1,202,207,,
32,2776,GROUPS_11595755_PROKKA_402175,R.GTSGEDRLSGSLGNDK.L,Y,22.80,1591.7438,16,14.6,796.8907,2,88.07,1.74E5,63,15816,20210407_Trocas7_665_NMCP226_DDA_120min_1.raw,1,1,87,102,,
34,11383,KNOT_30597767_PROKKA_805719,R.ITGIGKQKTIPLK.A,Y,22.71,1395.8813,13,12.8,698.9569,2,132.96,1.99E4,63,22933,20210407_Trocas7_665_NMCP226_DDA_120min_1.raw,1,1,74,86,,
35,11384,KNOT_2819608_PROKKA_194463,R.M(+15.99)LLKPLGSK.A,Y,21.89,1001.5943,9,4.6,501.8067,2,99.07,8.57E4,63,17645,20210407_Trocas7_665_NMCP226_DDA_120min_1.raw,1,1,73,81,Oxidation (M),M1:Oxidation (M):1000.00
36,11385,GROUPS_13258831_PROKKA_533068,R.NLRLVITK.I,Y,21.61,955.6178,8,13.8,478.8228,2,132.89,5.96E4,63,22914,20210407_Trocas7_665_NMCP226_DDA_120min_1.raw,1,1,305,312,,
10,11386,GROUPS_14040631_PROKKA_590863,L.QLFNAAK.E,Y,21.41,790.4337,7,-0.1,396.2241,2,42.81,2.11E5,63,7306,20210407_Trocas7_665_NMCP226_DDA_120min_1.raw,3,3,66,72,,
10,11387,GROUPS_11379668_PROKKA_374008,R.QIFNAAK.M,Y,21.41,790.4337,7,-0.1,396.2241,2,42.81,2.11E5,63,7306,20210407_Trocas7_665_NMCP226_DDA_120min_1.raw,3,3,106,112,,
16,4787,KNOT_31944104_PROKKA_838750,L.IATVLPSR.V,Y,21.20,855.5178,8,-0.3,428.7660,2,61.14,4.29E7,63,10964,20210407_Trocas7_665_NMCP226_DDA_120min_1.raw,2,2,40,47,,
16,4788,GROUPS_2663599_PROKKA_30233,T.IATVIPSR.Y,Y,21.20,855.5178,8,-0.3,428.7660,2,61.14,4.29E7,63,10964,20210407_Trocas7_665_NMCP226_DDA_120min_1.raw,2,2,6,13,,
17,2561,KNOT_4440374_PROKKA_301879,K.LSGWGKDK.T,Y,20.73,889.4658,8,0.9,445.7405,2,50.06,1.17E6,63,8789,20210407_Trocas7_665_NMCP226_DDA_120min_1.raw,2,2,348,355,,
8,11388,KNOT_1958649_PROKKA_131662,R.IKLLVNLGHK.F,Y,20.27,1133.7284,10,-12.2,567.8646,2,128.41,1.5E5,63,22179,20210407_Trocas7_665_NMCP226_DDA_120min_1.raw,3,3,372,381,,
