Fraction,Scan,Source File,Peptide,Tag Length,ALC (%),length,m/z,z,RT,Area,Mass,ppm,PTM,local confidence (%),tag (>=0%),mode
111,8232,20210411_Trocas7_667_Chav307_DDA_120min_1.raw,LSSPATLNSR,10,98,10,523.2872,2,47.14,5.79E7,1044.5564,3.2,,99 99 100 100 99 99 97 96 98 97,LSSPATLNSR,HCD
111,4947,20210411_Trocas7_667_Chav307_DDA_120min_1.raw,REKM(+15.99)SSR,7,97,7,455.2311,2,30.39,1.11E5,908.4498,-2.2,Oxidation (M),93 99 98 98 98 98 98,REKM(+15.99)SSR,HCD
111,4490,20210411_Trocas7_667_Chav307_DDA_120min_1.raw,SSPATLNDK,9,95,9,466.7441,2,27.67,9.3E4,931.4611,13.6,,97 97 98 99 98 97 86 95 95,SSPATLNDK,HCD
111,3591,20210411_Trocas7_667_Chav307_DDA_120min_1.raw,RSLQVR,6,94,6,379.7358,2,22.72,1.03E5,757.4559,1.5,,96 97 100 97 99 81,RSLQVR,HCD
111,8125,20210411_Trocas7_667_Chav307_DDA_120min_1.raw,LSSPATLNSR,10,94,10,523.2864,2,46.64,5.79E7,1044.5564,1.7,,99 99 100 99 99 99 90 88 90 86,LSSPATLNSR,HCD
111,11508,20210411_Trocas7_667_Chav307_DDA_120min_1.raw,VVTVSLPR,8,94,8,435.7750,2,63.84,9.27E7,869.5334,2.4,,99 100 99 99 97 98 98 67,VVTVSLPR,HCD
111,11011,20210411_Trocas7_667_Chav307_DDA_120min_1.raw,VATVSPLR,8,94,8,421.7596,2,61.09,1.02E8,841.5021,3.0,,100 100 100 99 99 95 98 68,VATVSPLR,HCD
111,11103,20210411_Trocas7_667_Chav307_DDA_120min_1.raw,VATVSPLR,8,94,8,421.7605,2,61.60,1.02E8,841.5021,5.2,,100 100 100 99 99 94 98 67,VATVSPLR,HCD
111,10917,20210411_Trocas7_667_Chav307_DDA_120min_1.raw,VATVSPLR,8,94,8,421.7594,2,60.59,1.02E8,841.5021,2.6,,100 100 100 99 99 94 98 68,VATVSPLR,HCD
111,11024,20210411_Trocas7_667_Chav307_DDA_120min_1.raw,SLVNLGGSK,9,94,9,437.7538,2,61.16,3.47E5,873.4919,1.2,,95 98 100 98 99 95 91 98 73,SLVNLGGSK,HCD
111,11188,20210411_Trocas7_667_Chav307_DDA_120min_1.raw,LATVLSPR,8,94,8,428.7665,2,62.07,3.36E7,855.5178,0.8,,99 99 100 100 97 95 97 65,LATVLSPR,HCD
111,11369,20210411_Trocas7_667_Chav307_DDA_120min_1.raw,LATVLSPR,8,93,8,428.7668,2,63.08,3.36E7,855.5178,1.4,,99 99 100 100 97 95 97 63,LATVLSPR,HCD
111,11278,20210411_Trocas7_667_Chav307_DDA_120min_1.raw,LATVLSPR,8,93,8,428.7673,2,62.58,3.36E7,855.5178,2.6,,99 99 100 100 97 95 97 63,LATVLSPR,HCD
111,5433,20210411_Trocas7_667_Chav307_DDA_120min_1.raw,M(+15.99)SSSSGYEMLK,11,93,11,618.2693,2,33.01,3.58E4,1234.5210,2.5,Oxidation (M),96 99 99 99 99 94 96 92 89 86 82,M(+15.99)SSSSGYEMLK,HCD
111,11701,20210411_Trocas7_667_Chav307_DDA_120min_1.raw,VVTVSLPR,8,93,8,435.7753,2,64.85,9.27E7,869.5334,3.1,,99 99 99 99 91 95 97 67,VVTVSLPR,HCD
111,11603,20210411_Trocas7_667_Chav307_DDA_120min_1.raw,VVTVLSPR,8,93,8,435.7752,2,64.35,9.27E7,869.5334,2.8,,99 99 99 98 95 93 98 65,VVTVLSPR,HCD
111,11412,20210411_Trocas7_667_Chav307_DDA_120min_1.raw,VVTVSLPR,8,93,8,435.7744,2,63.34,9.27E7,869.5334,0.9,,99 99 99 97 90 98 98 65,VVTVSLPR,HCD
111,11881,20210411_Trocas7_667_Chav307_DDA_120min_1.raw,VAEVSLPR,8,92,8,435.7564,2,65.91,2.45E5,869.4970,1.5,,97 99 100 99 95 95 94 60,VAEVSLPR,HCD
111,10817,20210411_Trocas7_667_Chav307_DDA_120min_1.raw,VATVSPLR,8,91,8,421.7591,2,60.08,1.02E8,841.5021,1.7,,99 99 100 99 97 83 94 65,VATVSPLR,HCD
111,18214,20210411_Trocas7_667_Chav307_DDA_120min_1.raw,MHFPHLYVPR,10,91,10,432.9000,3,101.07,,1295.6597,14.3,,94 99 99 99 99 100 95 92 91 50,MHFPHLYVPR,HCD
111,16123,20210411_Trocas7_667_Chav307_DDA_120min_1.raw,MHFPHLYVPR,10,91,10,432.9002,3,91.95,8.77E6,1295.6597,14.8,,93 99 99 99 99 100 95 92 91 50,MHFPHLYVPR,HCD
111,8301,20210411_Trocas7_667_Chav307_DDA_120min_1.raw,LSSPATLNSR,10,91,10,523.2866,2,47.44,5.79E7,1044.5564,2.2,,92 92 98 98 98 97 90 89 82 76,LSSPATLNSR,HCD
111,9075,20210411_Trocas7_667_Chav307_DDA_120min_1.raw,LN(+.98)SPATLNSR,10,90,10,537.2834,2,50.94,2.75E5,1072.5513,0.9,Deamidation (NQ),95 95 96 98 98 97 91 85 79 72,LN(+.98)SPATLNSR,HCD
111,3066,20210411_Trocas7_667_Chav307_DDA_120min_1.raw,GYGC(+57.02)AKR,7,89,7,406.1923,2,19.28,2.91E4,810.3806,-13.1,Carbamidomethylation,65 87 97 98 97 93 90,GYGC(+57.02)AKR,HCD
111,14602,20210411_Trocas7_667_Chav307_DDA_120min_1.raw,C(+57.02)LLSN(+.98)SVELK,10,89,10,582.2987,2,83.11,9.16E4,1162.5903,-6.4,Carbamidomethylation; Deamidation (NQ),75 86 100 100 97 96 93 97 81 72,C(+57.02)LLSN(+.98)SVELK,HCD
111,6725,20210411_Trocas7_667_Chav307_DDA_120min_1.raw,SGGGGGGGLGSNSLR,15,89,15,616.8037,2,39.50,2.04E5,1231.5906,1.9,,80 68 97 97 98 98 99 99 100 98 98 91 65 74 74,SGGGGGGGLGSNSLR,HCD
111,3138,20210411_Trocas7_667_Chav307_DDA_120min_1.raw,GYGC(+57.02)AKR,7,89,7,406.1923,2,19.78,2.91E4,810.3806,-13.0,Carbamidomethylation,59 85 96 98 97 96 91,GYGC(+57.02)AKR,HCD
111,14620,20210411_Trocas7_667_Chav307_DDA_120min_1.raw,HHLSDSVDVR,10,89,10,582.7996,2,83.23,5.86E4,1163.5684,14.0,,79 79 96 97 95 94 95 95 85 76,HHLSDSVDVR,HCD
111,16381,20210411_Trocas7_667_Chav307_DDA_120min_1.raw,SC(+57.02)AAAGTEC(+57.02)LLSGWGNTK,18,88,18,941.9268,2,93.16,2.48E6,1881.8350,2.1,Carbamidomethylation,32 34 82 100 100 99 100 100 98 100 100 99 97 96 86 88 88 89,SC(+57.02)AAAGTEC(+57.02)LLSGWGNTK,HCD
111,11098,20210411_Trocas7_667_Chav307_DDA_120min_1.raw,LATVLSPR,8,88,8,428.7664,2,61.57,3.36E7,855.5178,0.5,,99 99 100 99 88 78 89 55,LATVLSPR,HCD
111,11951,20210411_Trocas7_667_Chav307_DDA_120min_1.raw,VVTVSLPR,8,88,8,435.7744,2,66.30,,869.5334,1.0,,97 99 98 98 84 88 92 49,VVTVSLPR,HCD
111,16227,20210411_Trocas7_667_Chav307_DDA_120min_1.raw,MHFPHLYVPR,10,87,10,432.9003,3,92.45,9E5,1295.6597,14.9,,93 99 99 99 98 99 96 96 77 22,MHFPHLYVPR,HCD
111,18330,20210411_Trocas7_667_Chav307_DDA_120min_1.raw,SSGSSYPSLLQC(+57.02)LK,14,87,14,763.8811,2,101.67,2.41E5,1525.7446,2.0,Carbamidomethylation,68 72 94 99 99 99 97 94 94 90 80 75 83 75,SSGSSYPSLLQC(+57.02)LK,HCD
111,15023,20210411_Trocas7_667_Chav307_DDA_120min_1.raw,MHFPHLYVPR,10,87,10,432.9002,3,85.72,8.34E5,1295.6597,14.8,,93 99 99 99 99 100 95 90 73 23,MHFPHLYVPR,HCD
111,15102,20210411_Trocas7_667_Chav307_DDA_120min_1.raw,MHFPHLYVPR,10,86,10,432.9002,3,86.22,8.34E5,1295.6597,14.7,,93 99 99 99 99 100 94 89 71 22,MHFPHLYVPR,HCD
111,8797,20210411_Trocas7_667_Chav307_DDA_120min_1.raw,QEFLNAAK,8,86,8,460.7462,2,49.64,1.74E4,919.4763,1.6,,74 80 95 95 81 81 89 93,QEFLNAAK,HCD
111,16544,20210411_Trocas7_667_Chav307_DDA_120min_1.raw,DC(+57.02)NAGTEC(+57.02)LLSGWKATK,17,86,17,955.9426,2,93.91,8.54E6,1909.8662,2.3,Carbamidomethylation,39 40 65 100 99 100 100 100 100 100 99 98 97 98 100 94 37,DC(+57.02)NAGTEC(+57.02)LLSGWKATK,HCD
111,13461,20210411_Trocas7_667_Chav307_DDA_120min_1.raw,HHN(+.98)GELVDLKM(+15.99)EK,13,86,13,783.8752,2,75.88,5.84E5,1565.7507,-9.4,Deamidation (NQ); Oxidation (M),46 46 86 96 99 99 98 96 92 82 84 99 91,HHN(+.98)GELVDLKM(+15.99)EK,HCD
111,8717,20210411_Trocas7_667_Chav307_DDA_120min_1.raw,TLLEWEDK,8,86,8,517.2623,2,49.25,2.8E4,1032.5127,-2.6,,96 98 100 97 67 86 72 70,TLLEWEDK,HCD
111,19941,20210411_Trocas7_667_Chav307_DDA_120min_1.raw,MHFPHLYVPR,10,85,10,432.9003,3,109.34,1.46E4,1295.6597,15.0,,91 99 97 95 98 98 93 88 70 20,MHFPHLYVPR,HCD
111,18570,20210411_Trocas7_667_Chav307_DDA_120min_1.raw,MHFPHLYVPR,10,84,10,432.9002,3,102.73,1.11E4,1295.6597,14.8,,69 91 98 98 98 99 95 95 75 21,MHFPHLYVPR,HCD
111,11058,20210411_Trocas7_667_Chav307_DDA_120min_1.raw,SLSLSVAR,8,82,8,416.7491,2,61.34,2.61E5,831.4814,2.8,,66 82 99 100 90 59 77 88,SLSLSVAR,HCD
111,2977,20210411_Trocas7_667_Chav307_DDA_120min_1.raw,SGGGGSSGGSLNR,13,82,13,546.7552,2,18.70,3.03E4,1091.4956,0.3,,48 30 79 92 95 99 98 92 87 97 97 73 82,SGGGGSSGGSLNR,HCD
111,3491,20210411_Trocas7_667_Chav307_DDA_120min_1.raw,FNSGSVWC(+57.02)ASPK,12,81,12,670.3035,2,22.10,9.48E4,1338.6025,-7.5,Carbamidomethylation,49 54 96 90 95 93 83 81 82 82 85 76,FNSGSVWC(+57.02)ASPK,HCD
111,20126,20210411_Trocas7_667_Chav307_DDA_120min_1.raw,DSGSSYPC(+57.02)HHYVGLK,15,80,15,853.8937,2,110.13,,1705.7517,12.4,Carbamidomethylation,93 92 71 91 99 99 92 74 54 55 93 84 66 80 65,DSGSSYPC(+57.02)HHYVGLK,HCD
111,13248,20210411_Trocas7_667_Chav307_DDA_120min_1.raw,NPPMFFK,7,80,7,440.7194,2,74.54,9.5E4,879.4313,-8.1,,52 78 92 87 81 82 90,NPPMFFK,HCD
111,11033,20210411_Trocas7_667_Chav307_DDA_120min_1.raw,VPGVSLPR,8,80,8,412.7541,2,61.20,4.05E6,823.4916,2.5,,85 57 56 99 98 99 97 52,VPGVSLPR,HCD
111,8776,20210411_Trocas7_667_Chav307_DDA_120min_1.raw,LSGWSGKR,8,80,8,445.7409,2,49.55,2.43E5,889.4770,-10.9,,98 99 97 97 84 33 68 65,LSGWSGKR,HCD
111,8351,20210411_Trocas7_667_Chav307_DDA_120min_1.raw,LVTVETK,7,79,7,395.2403,2,47.70,1.04E4,788.4644,2.1,,91 86 72 68 92 70 76,LVTVETK,HCD
111,14352,20210411_Trocas7_667_Chav307_DDA_120min_1.raw,MVLN(+.98)AGYLK,9,79,9,505.2701,2,81.65,7.86E5,1008.5314,-5.6,Deamidation (NQ),97 99 90 87 80 46 71 90 46,MVLN(+.98)AGYLK,HCD
111,13832,20210411_Trocas7_667_Chav307_DDA_120min_1.raw,M(+15.99)LVDLMC(+57.02)LK,9,78,9,569.7914,2,78.33,3.91E4,1137.5596,7.6,Oxidation (M); Carbamidomethylation,98 99 95 87 81 43 40 87 77,M(+15.99)LVDLMC(+57.02)LK,HCD
111,20346,20210411_Trocas7_667_Chav307_DDA_120min_1.raw,MHFPHLHLHK,10,78,10,432.9002,3,111.05,1.97E4,1295.6709,6.2,,33 69 86 86 99 99 82 96 61 72,MHFPHLHLHK,HCD
111,19704,20210411_Trocas7_667_Chav307_DDA_120min_1.raw,LKLKPAR,7,78,7,413.2890,2,108.02,2.55E4,824.5596,4.6,,76 84 99 93 71 65 57,LKLKPAR,HCD
111,20502,20210411_Trocas7_667_Chav307_DDA_120min_1.raw,QQLSGWQGSR,10,78,10,573.7856,2,111.75,2.08E4,1145.5579,-1.0,,61 67 78 99 99 95 86 46 68 78,QQLSGWQGSR,HCD
111,10319,20210411_Trocas7_667_Chav307_DDA_120min_1.raw,STSSFSC(+57.02)LSR,10,77,10,566.2593,2,57.41,1.04E5,1130.5027,1.2,Carbamidomethylation,40 84 98 98 97 90 65 79 70 51,STSSFSC(+57.02)LSR,HCD
111,11550,20210411_Trocas7_667_Chav307_DDA_120min_1.raw,VATVHWYSK,9,77,9,545.7818,2,64.04,3.2E4,1089.5608,-10.8,,84 88 90 68 50 57 86 86 85,VATVHWYSK,HCD
111,9317,20210411_Trocas7_667_Chav307_DDA_120min_1.raw,LSSPNPATHGC(+57.02)K,12,77,12,634.8052,2,52.17,6.8E4,1267.5979,-1.7,Carbamidomethylation,90 90 98 95 92 86 89 80 77 38 54 37,LSSPNPATHGC(+57.02)K,HCD
111,10936,20210411_Trocas7_667_Chav307_DDA_120min_1.raw,VPGVSLPR,8,77,8,412.7540,2,60.70,4.05E6,823.4916,2.2,,81 51 48 95 97 98 97 49,VPGVSLPR,HCD
111,16936,20210411_Trocas7_667_Chav307_DDA_120min_1.raw,MHFPHLTAKSK,11,76,11,432.9005,3,95.51,1.16E5,1295.6809,-1.0,,90 99 95 93 98 98 90 44 50 49 38,MHFPHLTAKSK,HCD
111,16435,20210411_Trocas7_667_Chav307_DDA_120min_1.raw,MHFPHLTKTGK,11,75,11,432.9003,3,93.46,5.07E5,1295.6809,-1.3,,81 95 99 98 99 99 96 48 51 24 43,MHFPHLTKTGK,HCD
111,24072,20210411_Trocas7_667_Chav307_DDA_120min_1.raw,MHFPHLYVPR,10,75,10,432.8997,3,131.05,8.03E4,1295.6597,13.5,,63 88 91 91 96 97 84 76 50 18,MHFPHLYVPR,HCD
111,14070,20210411_Trocas7_667_Chav307_DDA_120min_1.raw,TFC(+57.02)YAR,6,75,6,409.1836,2,79.90,2.4E5,816.3588,-7.5,Carbamidomethylation,73 76 98 61 56 86,TFC(+57.02)YAR,HCD
111,15795,20210411_Trocas7_667_Chav307_DDA_120min_1.raw,MHFPHLTKASK,11,75,11,432.9003,3,90.24,,1295.6809,-1.3,,78 94 98 98 99 99 92 46 55 44 25,MHFPHLTKASK,HCD
111,13971,20210411_Trocas7_667_Chav307_DDA_120min_1.raw,C(+57.02)DNGELVDLYRLK,13,75,13,797.8909,2,79.25,2.71E4,1593.7820,-9.3,Carbamidomethylation,56 51 28 29 93 92 97 95 93 82 74 90 95,C(+57.02)DNGELVDLYRLK,HCD
111,16133,20210411_Trocas7_667_Chav307_DDA_120min_1.raw,MHFPHLMKQK,10,75,10,648.8470,2,92.00,1.74E4,1295.6631,12.7,,93 96 99 98 99 94 30 39 56 46,MHFPHLMKQK,HCD
111,16945,20210411_Trocas7_667_Chav307_DDA_120min_1.raw,C(+57.02)M(+15.99)YAAGTEC(+57.02)LLSGWGNTR,18,75,18,1031.9427,2,95.55,4.63E5,2061.8706,0.2,Carbamidomethylation; Oxidation (M),52 28 27 63 99 92 96 99 97 98 99 99 95 93 29 48 77 55,C(+57.02)M(+15.99)YAAGTEC(+57.02)LLSGWGNTR,HCD
111,23986,20210411_Trocas7_667_Chav307_DDA_120min_1.raw,MHFPHLTKASK,11,74,11,432.9001,3,130.54,1.28E4,1295.6809,-1.8,,65 90 94 93 98 98 97 71 50 41 22,MHFPHLTKASK,HCD
111,8227,20210411_Trocas7_667_Chav307_DDA_120min_1.raw,C(+57.02)DENSSPATLNN(+.98)K,13,74,13,725.8069,2,47.13,7.62E4,1449.6042,-3.4,Carbamidomethylation; Deamidation (NQ),32 37 62 86 97 98 97 97 95 90 73 56 46,C(+57.02)DENSSPATLNN(+.98)K,HCD
111,5542,20210411_Trocas7_667_Chav307_DDA_120min_1.raw,MDLGAYK,7,74,7,399.1936,2,33.62,3.65E5,796.3789,-7.8,,94 99 98 78 57 54 40,MDLGAYK,HCD
111,17501,20210411_Trocas7_667_Chav307_DDA_120min_1.raw,MHFPHLTSAKK,11,73,11,432.9005,3,97.80,5.8E1,1295.6809,-0.9,,89 99 99 98 98 98 94 30 43 38 24,MHFPHLTSAKK,HCD
111,15524,20210411_Trocas7_667_Chav307_DDA_120min_1.raw,MHFPHLTKASK,11,73,11,432.9004,3,88.72,3.55E6,1295.6809,-1.3,,78 94 98 98 99 99 92 39 44 43 25,MHFPHLTKASK,HCD
111,15736,20210411_Trocas7_667_Chav307_DDA_120min_1.raw,ATQEC(+57.02)LLSGEGRGSK,15,72,15,796.8923,2,89.89,3.19E4,1591.7625,4.7,Carbamidomethylation,27 28 29 92 94 96 98 96 66 90 69 60 78 83 84,ATQEC(+57.02)LLSGEGRGSK,HCD
111,16251,20210411_Trocas7_667_Chav307_DDA_120min_1.raw,EFHPGLAR,8,72,8,463.7482,2,92.60,1.18E5,925.4770,5.3,,81 62 99 90 61 77 68 43,EFHPGLAR,HCD
111,13656,20210411_Trocas7_667_Chav307_DDA_120min_1.raw,C(+57.02)ASSSGGM(+15.99)SNVHLK,14,72,14,725.8224,2,77.19,5.02E4,1449.6340,-2.6,Carbamidomethylation; Oxidation (M),27 29 68 99 98 91 88 96 93 76 72 75 76 27,C(+57.02)ASSSGGM(+15.99)SNVHLK,HCD
111,9233,20210411_Trocas7_667_Chav307_DDA_120min_1.raw,WGQFLPMR,8,72,8,517.7678,2,51.69,2.31E4,1033.5167,4.1,,59 65 96 97 95 74 69 25,WGQFLPMR,HCD
111,7422,20210411_Trocas7_667_Chav307_DDA_120min_1.raw,AQYEN(+.98)LAQK,9,72,9,533.2650,2,43.11,2.09E4,1064.5139,1.4,Deamidation (NQ),55 52 98 98 91 70 46 61 76,AQYEN(+.98)LAQK,HCD
111,13538,20210411_Trocas7_667_Chav307_DDA_120min_1.raw,WEMELVDLC(+57.02)MLK,12,71,12,783.8755,2,76.41,5.84E5,1565.7292,4.7,Carbamidomethylation,27 56 29 97 98 94 91 77 71 60 73 82,WEMELVDLC(+57.02)MLK,HCD
111,16573,20210411_Trocas7_667_Chav307_DDA_120min_1.raw,MHFPHLTKTGK,11,71,11,432.9006,3,93.98,6.29E4,1295.6809,-0.6,,90 99 99 98 98 98 94 38 30 15 24,MHFPHLTKTGK,HCD
111,22602,20210411_Trocas7_667_Chav307_DDA_120min_1.raw,KLLFPLGSK,9,71,9,501.8253,2,123.29,4.75E3,1001.6273,8.7,,27 41 56 80 90 87 69 94 93,KLLFPLGSK,HCD
111,17745,20210411_Trocas7_667_Chav307_DDA_120min_1.raw,QVMC(+57.02)WSLLSGWGNTR,15,70,15,897.9130,2,98.87,1.39E6,1793.8342,-12.7,Carbamidomethylation,31 32 30 30 57 63 99 99 97 90 93 85 94 85 69,QVMC(+57.02)WSLLSGWGNTR,HCD
111,14500,20210411_Trocas7_667_Chav307_DDA_120min_1.raw,C(+57.02)SN(+.98)HHESK,8,70,8,500.2024,2,82.49,8.93E4,998.3876,2.7,Carbamidomethylation; Deamidation (NQ),61 37 33 69 90 92 92 89,C(+57.02)SN(+.98)HHESK,HCD
111,18417,20210411_Trocas7_667_Chav307_DDA_120min_1.raw,DSGSSYALLLQWSK,14,70,14,777.8968,2,102.05,1.36E5,1553.7725,4.2,,86 86 50 85 98 98 31 41 69 96 80 67 49 46,DSGSSYALLLQWSK,HCD
111,16361,20210411_Trocas7_667_Chav307_DDA_120min_1.raw,FEHPGLAR,8,70,8,463.7484,2,93.10,4.93E2,925.4770,5.8,,57 84 99 86 52 71 63 45,FEHPGLAR,HCD
111,12663,20210411_Trocas7_667_Chav307_DDA_120min_1.raw,YGPTPSSK,8,70,8,418.7057,2,70.76,1.05E5,835.4075,-12.7,,69 48 55 57 78 88 84 79,YGPTPSSK,HCD
111,14624,20210411_Trocas7_667_Chav307_DDA_120min_1.raw,VPTVSLPR,8,70,8,434.7666,2,83.25,3.99E4,867.5178,1.0,,84 80 90 91 63 71 52 26,VPTVSLPR,HCD
111,16148,20210411_Trocas7_667_Chav307_DDA_120min_1.raw,EFHPGLAR,8,69,8,463.7496,2,92.10,6.18E5,925.4770,8.2,,80 61 98 87 49 73 65 43,EFHPGLAR,HCD
111,17322,20210411_Trocas7_667_Chav307_DDA_120min_1.raw,WNC(+57.02)GTEC(+57.02)QHLSGWGAATK,18,69,18,1031.9401,2,97.11,9.22E5,2061.8784,-6.2,Carbamidomethylation,20 22 46 85 88 96 48 22 24 95 96 91 90 89 95 94 75 67,WNC(+57.02)GTEC(+57.02)QHLSGWGAATK,HCD
111,8687,20210411_Trocas7_667_Chav307_DDA_120min_1.raw,EAYENNLSK,9,68,9,534.2488,2,49.12,2.45E4,1066.4932,-9.5,,77 76 92 93 31 31 65 62 86,EAYENNLSK,HCD
111,23900,20210411_Trocas7_667_Chav307_DDA_120min_1.raw,MHLMHLTKASK,11,68,11,432.9005,3,130.03,1.36E5,1295.6843,-3.6,,80 94 72 70 95 97 93 52 38 37 20,MHLMHLTKASK,HCD
111,15441,20210411_Trocas7_667_Chav307_DDA_120min_1.raw,MHFPHLTKASK,11,67,11,432.9002,3,88.21,3.55E6,1295.6809,-1.7,,62 89 93 92 97 98 90 28 34 34 21,MHFPHLTKASK,HCD
111,14329,20210411_Trocas7_667_Chav307_DDA_120min_1.raw,GPNFPHLYVPR,11,67,11,432.9003,3,81.50,4.8E4,1295.6775,1.3,,18 22 30 98 98 99 99 93 94 69 17,GPNFPHLYVPR,HCD
111,16255,20210411_Trocas7_667_Chav307_DDA_120min_1.raw,MHMLHLTASKK,11,67,11,648.8475,2,92.61,1.78E4,1295.6843,-3.0,,95 92 71 82 92 87 68 30 44 43 31,MHMLHLTASKK,HCD
111,11499,20210411_Trocas7_667_Chav307_DDA_120min_1.raw,EAVDVKSK,8,66,8,438.2452,2,63.79,1.36E4,874.4760,-0.1,,97 93 92 82 30 31 48 56,EAVDVKSK,HCD
111,6387,20210411_Trocas7_667_Chav307_DDA_120min_1.raw,SEPLYNSR,8,66,8,483.2386,2,37.60,4.11E4,964.4614,1.2,,49 79 95 95 56 38 56 60,SEPLYNSR,HCD
111,7516,20210411_Trocas7_667_Chav307_DDA_120min_1.raw,LSSHYN(+.98)PLK,9,66,9,530.2756,2,43.55,1.42E4,1058.5396,-2.8,Deamidation (NQ),94 95 88 30 30 74 72 78 31,LSSHYN(+.98)PLK,HCD
111,17395,20210411_Trocas7_667_Chav307_DDA_120min_1.raw,HDHAGTEC(+57.02)NLSGWKATK,17,66,17,956.4339,2,97.33,5.28E4,1910.8694,-8.4,Carbamidomethylation,17 20 19 96 95 92 94 22 23 93 95 86 87 92 94 79 18,HDHAGTEC(+57.02)NLSGWKATK,HCD
111,16331,20210411_Trocas7_667_Chav307_DDA_120min_1.raw,MHFPHLHHLK,10,65,10,432.9007,3,92.96,1.13E3,1295.6709,7.2,,89 97 99 98 97 92 31 21 20 11,MHFPHLHHLK,HCD
111,12469,20210411_Trocas7_667_Chav307_DDA_120min_1.raw,MHFPHLTKASK,11,65,11,432.9004,3,69.55,2.96E5,1295.6809,-1.1,,61 88 92 91 97 97 88 22 30 32 20,MHFPHLTKASK,HCD
111,17078,20210411_Trocas7_667_Chav307_DDA_120min_1.raw,MHMLHLYVPR,10,65,10,432.9004,3,96.07,4.97E2,1295.6631,12.6,,62 78 52 68 97 98 65 70 44 17,MHMLHLYVPR,HCD
111,16771,20210411_Trocas7_667_Chav307_DDA_120min_1.raw,GPNFPHLYVPR,11,65,11,432.9004,3,95.00,1.26E6,1295.6775,1.4,,20 24 65 97 97 97 97 82 74 48 15,GPNFPHLYVPR,HCD
111,5565,20210411_Trocas7_667_Chav307_DDA_120min_1.raw,VRQVHK,6,65,6,383.7350,2,33.75,5.71E4,765.4609,-7.2,,95 30 34 70 66 91,VRQVHK,HCD
111,20076,20210411_Trocas7_667_Chav307_DDA_120min_1.raw,MHMLHLYVPR,10,64,10,432.9003,3,109.86,2.56E4,1295.6631,12.4,,62 79 50 65 93 96 72 69 43 16,MHMLHLYVPR,HCD
111,8429,20210411_Trocas7_667_Chav307_DDA_120min_1.raw,M(+15.99)M(+15.99)AM(+15.99)PLVGK,9,64,9,513.2405,2,48.08,6.28E5,1024.4756,-8.8,Oxidation (M),59 65 77 68 34 57 82 65 70,M(+15.99)M(+15.99)AM(+15.99)PLVGK,HCD
111,18442,20210411_Trocas7_667_Chav307_DDA_120min_1.raw,AC(+57.02)SSYPSLLQVSSK,14,64,14,763.8801,2,102.17,1.19E4,1525.7446,0.7,Carbamidomethylation,28 29 59 95 96 87 50 44 71 76 73 81 83 27,AC(+57.02)SSYPSLLQVSSK,HCD
111,26268,20210411_Trocas7_667_Chav307_DDA_120min_1.raw,MHFPHLTASKK,11,64,11,432.9012,3,141.11,3.2E4,1295.6809,0.7,,41 89 91 89 97 97 88 35 29 32 18,MHFPHLTASKK,HCD
111,11487,20210411_Trocas7_667_Chav307_DDA_120min_1.raw,EAVDSKVK,8,64,8,438.2453,2,63.73,1.36E4,874.4760,0.0,,97 94 93 79 29 29 38 55,EAVDSKVK,HCD
111,15731,20210411_Trocas7_667_Chav307_DDA_120min_1.raw,EM(+15.99)HPGLVK,8,64,8,463.7483,2,89.87,1.01E5,925.4691,13.9,Oxidation (M),76 59 96 56 30 55 77 60,EM(+15.99)HPGLVK,HCD
111,15708,20210411_Trocas7_667_Chav307_DDA_120min_1.raw,MHFPHLTSKAK,11,63,11,432.9003,3,89.74,1.87E5,1295.6809,-1.5,,41 77 92 91 97 97 91 46 26 23 16,MHFPHLTSKAK,HCD
111,8197,20210411_Trocas7_667_Chav307_DDA_120min_1.raw,C(+57.02)N(+.98)M(+15.99)LSSPATC(+57.02)GPR,13,63,13,734.2963,2,47.00,3.65E6,1466.5952,-11.7,Carbamidomethylation; Deamidation (NQ); Oxidation (M),30 35 37 95 98 98 97 97 89 49 30 31 37,C(+57.02)N(+.98)M(+15.99)LSSPATC(+57.02)GPR,HCD
111,13960,20210411_Trocas7_667_Chav307_DDA_120min_1.raw,M(+15.99)TNDDESK,8,63,8,478.1895,2,79.18,6.23E5,954.3600,4.7,Oxidation (M),35 35 54 56 79 89 83 74,M(+15.99)TNDDESK,HCD
111,14023,20210411_Trocas7_667_Chav307_DDA_120min_1.raw,GM(+15.99)LVN(+.98)LMC(+57.02)LK,10,63,10,598.3026,2,79.59,5.51E4,1194.5811,8.1,Oxidation (M); Deamidation (NQ); Carbamidomethylation,34 59 93 94 82 78 40 55 56 39,GM(+15.99)LVN(+.98)LMC(+57.02)LK,HCD
111,11430,20210411_Trocas7_667_Chav307_DDA_120min_1.raw,C(+57.02)WNLC(+57.02)KNPSK,10,62,10,653.7968,2,63.44,6.83E4,1305.5957,-12.7,Carbamidomethylation,57 34 55 83 56 52 37 69 89 90,C(+57.02)WNLC(+57.02)KNPSK,HCD
111,12005,20210411_Trocas7_667_Chav307_DDA_120min_1.raw,NPPSYSK,7,62,7,396.6931,2,66.60,9.22E4,791.3813,-12.2,,34 62 86 95 93 41 23,NPPSYSK,HCD
111,18440,20210411_Trocas7_667_Chav307_DDA_120min_1.raw,MHPFHLYVPR,10,62,10,432.9002,3,102.17,2.31E3,1295.6597,14.8,,37 68 48 66 95 97 79 71 45 16,MHPFHLYVPR,HCD
111,18519,20210411_Trocas7_667_Chav307_DDA_120min_1.raw,DSGSSYHKNYKLR,13,60,13,777.8964,2,102.55,4.62E4,1553.7585,12.7,,91 89 32 63 98 93 18 18 43 88 45 56 52,DSGSSYHKNYKLR,HCD
111,14434,20210411_Trocas7_667_Chav307_DDA_120min_1.raw,MHFPHLTKASK,11,60,11,432.9003,3,82.13,3.76E3,1295.6809,-1.3,,37 69 71 65 91 96 89 41 40 41 20,MHFPHLTKASK,HCD
111,20982,20210411_Trocas7_667_Chav307_DDA_120min_1.raw,MVSDLVNEVKPPLGDVVR,18,60,18,656.3547,3,114.34,1.24E3,1966.0557,-6.8,,89 93 90 82 86 86 71 72 52 44 34 46 52 32 39 35 35 35,MVSDLVNEVKPPLGDVVR,HCD
111,16676,20210411_Trocas7_667_Chav307_DDA_120min_1.raw,GPNFPHLYVPR,11,60,11,432.9006,3,94.49,7.79E3,1295.6775,1.9,,7 15 51 88 86 94 96 85 76 50 10,GPNFPHLYVPR,HCD
111,15010,20210411_Trocas7_667_Chav307_DDA_120min_1.raw,EFHPGALR,8,60,8,463.7485,2,85.65,2.11E5,925.4770,6.0,,73 51 88 62 33 66 79 25,EFHPGALR,HCD
111,15461,20210411_Trocas7_667_Chav307_DDA_120min_1.raw,LHAHASK,7,60,7,382.2165,2,88.34,1.79E5,762.4136,6.2,,65 59 65 52 85 65 28,LHAHASK,HCD
111,16932,20210411_Trocas7_667_Chav307_DDA_120min_1.raw,YWM(+15.99)AVLK,7,59,7,463.7487,2,95.49,1.01E1,925.4731,10.4,Oxidation (M),49 52 54 83 77 68 31,YWM(+15.99)AVLK,HCD
111,20119,20210411_Trocas7_667_Chav307_DDA_120min_1.raw,MHFPHLTKASK,11,59,11,432.9014,3,110.09,3.03E4,1295.6809,1.2,,30 63 83 86 98 98 84 41 27 23 14,MHFPHLTKASK,HCD
111,19817,20210411_Trocas7_667_Chav307_DDA_120min_1.raw,MHFPHLTKASK,11,58,11,432.9012,3,108.66,3.21E2,1295.6809,0.8,,33 70 87 85 95 96 82 23 28 29 14,MHFPHLTKASK,HCD
111,20208,20210411_Trocas7_667_Chav307_DDA_120min_1.raw,MHLMHLTKASK,11,58,11,432.9005,3,110.39,4.88E4,1295.6843,-3.6,,45 78 65 65 95 97 86 35 27 24 18,MHLMHLTKASK,HCD
111,22660,20210411_Trocas7_667_Chav307_DDA_120min_1.raw,MHFPHLTSAKK,11,58,11,432.9008,3,123.62,7.57E3,1295.6809,-0.4,,33 35 88 86 96 97 89 33 35 27 14,MHFPHLTSAKK,HCD
111,24195,20210411_Trocas7_667_Chav307_DDA_120min_1.raw,YLYGQRK,7,57,7,464.2500,2,131.78,,926.4974,-12.9,,95 96 59 34 40 32 46,YLYGQRK,HCD
111,26115,20210411_Trocas7_667_Chav307_DDA_120min_1.raw,MHMLHLYVPR,10,57,10,432.9004,3,140.64,5.24E4,1295.6631,12.5,,34 55 43 60 90 94 74 76 38 10,MHMLHLYVPR,HCD
111,10397,20210411_Trocas7_667_Chav307_DDA_120min_1.raw,TLRM(+15.99)VK,6,57,6,382.2336,2,57.82,6.15E5,762.4422,13.6,Oxidation (M),60 69 63 43 37 70,TLRM(+15.99)VK,HCD
111,13013,20210411_Trocas7_667_Chav307_DDA_120min_1.raw,C(+57.02)PRVHLTTAGGK,12,57,12,432.9006,3,73.03,2.03E4,1295.6768,2.5,Carbamidomethylation,31 34 14 21 85 95 95 96 89 63 43 19,C(+57.02)PRVHLTTAGGK,HCD
111,3464,20210411_Trocas7_667_Chav307_DDA_120min_1.raw,M(+15.99)LPAALK,7,57,7,380.2222,2,21.94,1.85E4,758.4360,-8.2,Oxidation (M),69 74 29 33 38 92 63,M(+15.99)LPAALK,HCD
111,9559,20210411_Trocas7_667_Chav307_DDA_120min_1.raw,EASPATTYGGPSR,13,57,13,647.3095,2,53.46,1.79E4,1292.5996,3.8,,65 41 84 91 90 67 23 25 14 63 79 73 19,EASPATTYGGPSR,HCD
111,20326,20210411_Trocas7_667_Chav307_DDA_120min_1.raw,M(+15.99)M(+15.99)SMHLHLHK,10,56,10,432.8709,3,110.95,,1295.5938,-2.1,Oxidation (M),15 27 19 46 79 89 59 88 66 78,M(+15.99)M(+15.99)SMHLHLHK,HCD
111,9031,20210411_Trocas7_667_Chav307_DDA_120min_1.raw,C(+57.02)NELSSPAC(+57.02)HM(+15.99)K,12,56,12,725.2916,2,50.73,2.13E4,1448.5847,-11.1,Carbamidomethylation; Oxidation (M),43 22 48 85 83 93 79 69 41 37 43 32,C(+57.02)NELSSPAC(+57.02)HM(+15.99)K,HCD
111,15609,20210411_Trocas7_667_Chav307_DDA_120min_1.raw,MPKRHLTEER,10,56,10,432.9004,3,89.23,2.21E5,1295.6768,2.0,,32 15 19 48 95 96 85 67 70 33,MPKRHLTEER,HCD
111,10974,20210411_Trocas7_667_Chav307_DDA_120min_1.raw,C(+57.02)TSDVATVSHTK,12,56,12,653.3011,2,60.92,5.58E5,1304.6030,-11.8,Carbamidomethylation,48 50 23 30 85 86 87 80 65 40 43 37,C(+57.02)TSDVATVSHTK,HCD
111,19081,20210411_Trocas7_667_Chav307_DDA_120min_1.raw,MHMLHLYVPR,10,56,10,432.9005,3,105.27,3.48E1,1295.6631,12.8,,33 54 40 56 95 98 68 71 33 10,MHMLHLYVPR,HCD
111,19115,20210411_Trocas7_667_Chav307_DDA_120min_1.raw,MHFPHLYHSK,10,56,10,432.8857,3,105.46,1.3E6,1295.6233,9.3,,30 60 54 48 93 95 62 43 41 31,MHFPHLYHSK,HCD
111,13562,20210411_Trocas7_667_Chav307_DDA_120min_1.raw,NSFNLSVDVR,10,55,10,575.7922,2,76.56,5.65E4,1149.5779,-7.0,,25 49 33 48 57 80 81 78 61 41,NSFNLSVDVR,HCD
111,2332,20210411_Trocas7_667_Chav307_DDA_120min_1.raw,RRRTEWC(+57.02)VR,9,55,9,440.2365,3,14.42,2.91E3,1317.6836,3.1,Carbamidomethylation,82 61 56 54 55 26 30 46 89,RRRTEWC(+57.02)VR,HCD
111,14252,20210411_Trocas7_667_Chav307_DDA_120min_1.raw,MHFPHLTAKSK,11,55,11,432.9002,3,81.00,4.4E4,1295.6809,-1.6,,29 57 82 81 93 94 71 20 38 29 12,MHFPHLTAKSK,HCD
111,16980,20210411_Trocas7_667_Chav307_DDA_120min_1.raw,NSHMM(+15.99)LNAAK,10,55,10,566.7599,2,95.61,1.71E4,1131.5166,-9.9,Oxidation (M),25 25 26 24 51 66 67 89 91 86,NSHMM(+15.99)LNAAK,HCD
111,23145,20210411_Trocas7_667_Chav307_DDA_120min_1.raw,RVLKAVDK,8,55,8,464.8061,2,126.21,,927.5865,12.0,,32 27 33 26 56 84 90 92,RVLKAVDK,HCD
111,15345,20210411_Trocas7_667_Chav307_DDA_120min_1.raw,AERRHLTEER,10,55,10,432.9005,3,87.69,2.24E4,1295.6694,7.9,,41 44 12 15 82 92 76 82 71 33,AERRHLTEER,HCD
111,15139,20210411_Trocas7_667_Chav307_DDA_120min_1.raw,N(+.98)PNNPAQK,8,54,8,442.2191,2,86.44,1.26E6,882.4195,4.6,Deamidation (NQ),60 50 72 63 46 50 59 34,N(+.98)PNNPAQK,HCD
111,18560,20210411_Trocas7_667_Chav307_DDA_120min_1.raw,MHMLHLYVPR,10,54,10,432.9004,3,102.67,1.11E4,1295.6631,12.5,,32 55 43 59 90 95 67 61 34 10,MHMLHLYVPR,HCD
111,21141,20210411_Trocas7_667_Chav307_DDA_120min_1.raw,RLKLHLHYSK,10,54,10,432.2608,3,115.31,,1293.7668,-4.8,,12 27 17 39 76 90 81 75 65 60,RLKLHLHYSK,HCD
111,3823,20210411_Trocas7_667_Chav307_DDA_120min_1.raw,NVFHDRPAGGR,11,54,11,409.2125,3,24.25,4.18E4,1224.6111,3.7,,15 32 14 44 90 88 92 76 65 57 18,NVFHDRPAGGR,HCD
111,24209,20210411_Trocas7_667_Chav307_DDA_120min_1.raw,AVFDDMYAAPMK,12,53,12,679.8184,2,131.86,8.46E3,1357.6045,13.0,,21 26 31 89 89 72 18 19 35 72 82 90,AVFDDMYAAPMK,HCD
111,17016,20210411_Trocas7_667_Chav307_DDA_120min_1.raw,WNLHLQQAEGRSQM(+15.99)LNAAK,19,53,19,737.7067,3,95.79,,2210.1013,-1.3,Oxidation (M),17 19 26 19 29 21 22 57 99 69 43 72 85 90 92 82 86 52 35,WNLHLQQAEGRSQM(+15.99)LNAAK,HCD
111,17773,20210411_Trocas7_667_Chav307_DDA_120min_1.raw,MHLMHLYVPR,10,53,10,432.9003,3,99.01,6.88E1,1295.6631,12.4,,22 54 54 54 91 95 65 59 32 9,MHLMHLYVPR,HCD
111,15094,20210411_Trocas7_667_Chav307_DDA_120min_1.raw,MQKENKRLSGNVLR,14,53,14,558.3112,3,86.17,5.73E5,1671.9202,-5.1,,62 74 91 98 78 77 22 38 28 31 50 38 40 17,MQKENKRLSGNVLR,HCD
111,24431,20210411_Trocas7_667_Chav307_DDA_120min_1.raw,KKVVPNPK,8,53,8,455.3033,2,132.12,2.51E5,908.5807,12.5,,68 72 48 48 32 45 74 37,KKVVPNPK,HCD
111,11072,20210411_Trocas7_667_Chav307_DDA_120min_1.raw,C(+57.02)MGDVATWLPR,11,53,11,653.3008,2,61.42,5.58E5,1304.6006,-10.4,Carbamidomethylation,27 28 16 38 89 90 85 46 69 52 43,C(+57.02)MGDVATWLPR,HCD
111,3722,20210411_Trocas7_667_Chav307_DDA_120min_1.raw,DC(+57.02)MM(+15.99)LK,6,53,6,407.1674,2,23.59,,812.3231,-3.5,Carbamidomethylation; Oxidation (M),49 28 25 62 67 86,DC(+57.02)MM(+15.99)LK,HCD
111,16997,20210411_Trocas7_667_Chav307_DDA_120min_1.raw,LPLLSTTK,8,53,8,436.7751,2,95.70,2.72E5,871.5378,-2.6,,24 18 46 52 71 75 74 63,LPLLSTTK,HCD
111,24368,20210411_Trocas7_667_Chav307_DDA_120min_1.raw,LRRLLLC(+57.02)K,8,53,8,536.3485,2,132.05,1.73E5,1070.6746,7.4,Carbamidomethylation,40 25 21 35 44 75 89 91,LRRLLLC(+57.02)K,HCD
111,23956,20210411_Trocas7_667_Chav307_DDA_120min_1.raw,ESLRVLKK,8,53,8,486.8201,2,130.35,5.28E4,971.6127,13.3,,49 26 31 19 81 85 95 37,ESLRVLKK,HCD
111,15854,20210411_Trocas7_667_Chav307_DDA_120min_1.raw,C(+57.02)RRLEALK,8,53,8,523.3044,2,90.55,8.3E4,1044.5862,7.8,Carbamidomethylation,52 20 15 43 77 66 79 68,C(+57.02)RRLEALK,HCD
111,23865,20210411_Trocas7_667_Chav307_DDA_120min_1.raw,NN(+.98)KKLVKK,8,52,8,486.8199,2,129.81,5E4,971.6127,12.8,Deamidation (NQ),27 48 22 24 93 83 89 31,NN(+.98)KKLVKK,HCD
111,23779,20210411_Trocas7_667_Chav307_DDA_120min_1.raw,FKLPVLQK,8,52,8,486.8204,2,129.31,1.27E3,971.6168,9.8,,16 18 45 40 80 63 65 88,FKLPVLQK,HCD
111,10898,20210411_Trocas7_667_Chav307_DDA_120min_1.raw,HLKKFATLNSR,11,52,11,438.9303,3,60.49,7.49E4,1313.7568,9.2,,11 17 12 18 63 82 97 92 57 60 59,HLKKFATLNSR,HCD
111,16033,20210411_Trocas7_667_Chav307_DDA_120min_1.raw,GPNFPHLTTANK,12,52,12,432.9003,3,91.45,1.65E5,1295.6621,13.2,,8 16 51 85 82 93 95 89 31 26 31 14,GPNFPHLTTANK,HCD
111,16615,20210411_Trocas7_667_Chav307_DDA_120min_1.raw,WWDM(+15.99)C(+57.02)WLVLYLSVQNK,16,52,16,1079.0193,2,94.20,3.44E5,2156.0222,0.8,Oxidation (M); Carbamidomethylation,18 12 28 12 13 34 80 75 51 39 94 79 79 81 54 74,WWDM(+15.99)C(+57.02)WLVLYLSVQNK,HCD
111,13994,20210411_Trocas7_667_Chav307_DDA_120min_1.raw,YWYHLTAKSK,10,51,10,432.9005,3,79.40,1.53E4,1295.6663,10.2,,17 15 15 78 92 89 79 71 43 14,YWYHLTAKSK,HCD
111,16515,20210411_Trocas7_667_Chav307_DDA_120min_1.raw,C(+57.02)SADAKPC(+57.02)LDHSC(+57.02)GNTR,17,51,17,487.9613,4,93.82,1.16E5,1947.7986,9.0,Carbamidomethylation,35 37 94 73 69 79 8 12 59 25 18 33 39 80 79 79 50,C(+57.02)SADAKPC(+57.02)LDHSC(+57.02)GNTR,HCD
111,20726,20210411_Trocas7_667_Chav307_DDA_120min_1.raw,RKPMHLTEER,10,51,10,432.9008,3,113.02,6.65E3,1295.6768,2.8,,11 14 34 49 89 94 75 59 61 25,RKPMHLTEER,HCD
111,24156,20210411_Trocas7_667_Chav307_DDA_120min_1.raw,HMLMHLTKASK,11,51,11,432.8990,3,131.55,4.72E3,1295.6843,-7.0,,43 34 51 51 93 95 86 40 27 26 12,HMLMHLTKASK,HCD
111,14682,20210411_Trocas7_667_Chav307_DDA_120min_1.raw,EHDLATLK,8,51,8,463.7480,2,83.60,6.97E3,925.4869,-5.9,,62 45 28 30 35 86 91 28,EHDLATLK,HCD
111,20816,20210411_Trocas7_667_Chav307_DDA_120min_1.raw,FFKVVLHR,8,51,8,523.3231,2,113.56,1.56E4,1044.6233,7.9,,29 28 23 46 85 82 87 25,FFKVVLHR,HCD
111,15001,20210411_Trocas7_667_Chav307_DDA_120min_1.raw,M(+15.99)TASDPMM(+15.99)K,9,51,9,522.2164,2,85.59,1.09E5,1042.4133,4.8,Oxidation (M),50 50 35 35 67 32 49 68 68,M(+15.99)TASDPMM(+15.99)K,HCD
111,18376,20210411_Trocas7_667_Chav307_DDA_120min_1.raw,C(+57.02)ATSYHKKYRAR,12,51,12,770.8885,2,101.86,3.61E4,1539.7727,-6.7,Carbamidomethylation,27 18 21 96 97 21 23 24 75 65 66 75,C(+57.02)ATSYHKKYRAR,HCD
111,15497,20210411_Trocas7_667_Chav307_DDA_120min_1.raw,HENYYM(+15.99)SK,8,50,8,544.2287,2,88.56,7.2E4,1086.4441,-1.1,Oxidation (M),29 52 49 51 79 59 62 23,HENYYM(+15.99)SK,HCD
111,17979,20210411_Trocas7_667_Chav307_DDA_120min_1.raw,MHLMHLTAKSK,11,50,11,432.8999,3,100.06,4.13E3,1295.6843,-5.0,,18 46 49 49 95 98 82 33 41 30 13,MHLMHLTAKSK,HCD
111,17723,20210411_Trocas7_667_Chav307_DDA_120min_1.raw,TTGNSGTETN(+.98)LSGWGAATK,19,50,19,927.4302,2,98.76,1.21E5,1852.8440,1.0,Deamidation (NQ),15 17 22 15 14 7 16 70 14 15 90 92 82 78 79 92 92 72 77,TTGNSGTETN(+.98)LSGWGAATK,HCD
111,14128,20210411_Trocas7_667_Chav307_DDA_120min_1.raw,VLRFPNASK,9,50,9,516.3034,2,80.20,5.91E3,1030.5923,0.0,,30 39 19 33 82 69 80 71 26,VLRFPNASK,HCD
111,24047,20210411_Trocas7_667_Chav307_DDA_120min_1.raw,LFRLVLATK,9,50,9,530.8460,2,130.88,3.4E3,1059.6804,-2.8,,34 27 45 61 77 63 46 57 38,LFRLVLATK,HCD
111,7767,20210411_Trocas7_667_Chav307_DDA_120min_1.raw,VPGVSLPR,8,50,8,412.7537,2,44.73,1.15E5,823.4916,1.5,,72 35 27 76 54 63 48 23,VPGVSLPR,HCD
111,13796,20210411_Trocas7_667_Chav307_DDA_120min_1.raw,TYN(+.98)DAVLK,8,50,8,462.7326,2,78.10,8.61E4,923.4600,-10.1,Deamidation (NQ),35 41 43 45 74 62 75 21,TYN(+.98)DAVLK,HCD
