Peptide,-10lgP,Mass,Length,ppm,m/z,RT,Area,Fraction,Scan,Source File,Accession,PTM,AScore
LPQVEGTGGDVQPSQDLVR,94.33,1994.0068,19,3.7,998.0143,56.30,,3,15739,20200714_588_TROCAS7_121_NMCPM_50%_gf75com_1_01.raw,gi|54036848,,
LPQVEGTGGDVQPSQDLVR,59.04,1994.0068,19,1.5,665.6772,56.33,1.27E7,3,15757,20200714_588_TROCAS7_121_NMCPM_50%_gf75com_1_01.raw,gi|54036848,,
LPQVEGTGGDVQPSQDLVR,53.44,1994.0068,19,1.8,665.6774,55.29,,3,15424,20200714_588_TROCAS7_121_NMCPM_50%_gf75com_1_01.raw,gi|54036848,,
LPQVEGTGGDVQPSQDLVR,29.78,1994.0068,19,6.8,499.5124,56.43,5.03E4,3,15799,20200714_588_TROCAS7_121_NMCPM_50%_gf75com_1_01.raw,gi|54036848,,
LPQVEGTGGDVQPSQDLVR,20.30,1994.0068,19,3.0,998.0137,54.70,,3,15261,20200714_588_TROCAS7_121_NMCPM_50%_gf75com_1_01.raw,gi|54036848,,
VIGQNEAVDAVSNAIR,70.59,1654.8638,16,2.8,828.4415,69.39,,3,19565,20200714_588_TROCAS7_121_NMCPM_50%_gf75com_1_01.raw,gi|54036848,,
VIGQNEAVDAVSNAIR,63.74,1654.8638,16,4.3,552.6309,68.96,8.38E4,3,19425,20200714_588_TROCAS7_121_NMCPM_50%_gf75com_1_01.raw,gi|54036848,,
VIGQNEAVDAVSNAIR,62.23,1654.8638,16,0.3,828.4394,66.29,,3,18531,20200714_588_TROCAS7_121_NMCPM_50%_gf75com_1_01.raw,gi|54036848,,
VIGQNEAVDAVSNAIR,60.49,1654.8638,16,0.6,828.4397,66.80,9.75E6,3,18717,20200714_588_TROCAS7_121_NMCPM_50%_gf75com_1_01.raw,gi|54036848,,
VIGQNEAVDAVSNAIR,45.52,1654.8638,16,1.9,828.4407,72.60,2.16E4,3,20633,20200714_588_TROCAS7_121_NMCPM_50%_gf75com_1_01.raw,gi|54036848,,
VIGQNEAVDAVSNAIR,44.68,1654.8638,16,4.5,828.4429,67.82,,3,19052,20200714_588_TROCAS7_121_NMCPM_50%_gf75com_1_01.raw,gi|54036848,,
VIGQNEAVDAVSNAIR,39.18,1654.8638,16,0.5,552.6288,67.86,1.3E5,3,19063,20200714_588_TROCAS7_121_NMCPM_50%_gf75com_1_01.raw,gi|54036848,,
VIGQNEAVDAVSNAIR,21.23,1654.8638,16,4.7,828.4431,68.32,1.07E5,3,19216,20200714_588_TROCAS7_121_NMCPM_50%_gf75com_1_01.raw,gi|54036848,,
SSGSSYPSLLQC(+57.02)LK,61.18,1525.7446,14,2.0,763.8811,72.59,1.81E5,3,20628,20200714_588_TROCAS7_121_NMCPM_50%_gf75com_1_01.raw,,Carbamidomethylation,C12:Carbamidomethylation:1000.00
LGEHNIDVLEGNEQ(+.98)FINAAK,55.24,2211.0808,20,14.0,1106.5631,68.66,,3,19320,20200714_588_TROCAS7_121_NMCPM_50%_gf75com_1_01.raw,,Deamidation (NQ),Q14:Deamidation (NQ):0.00
VTDAEIAEVLAR,54.09,1285.6877,12,3.6,643.8535,71.74,1.42E6,3,20367,20200714_588_TROCAS7_121_NMCPM_50%_gf75com_1_01.raw,gi|54036848,,
VTDAEIAEVLAR,53.62,1285.6877,12,1.6,643.8522,71.24,,3,20183,20200714_588_TROCAS7_121_NMCPM_50%_gf75com_1_01.raw,gi|54036848,,
VTDAEIAEVLAR,38.82,1285.6877,12,12.4,643.8591,74.34,1.24E4,3,21157,20200714_588_TROCAS7_121_NMCPM_50%_gf75com_1_01.raw,gi|54036848,,
VTDAEIAEVLAR,17.84,1285.6877,12,2.7,429.5710,71.78,1.12E5,3,20375,20200714_588_TROCAS7_121_NMCPM_50%_gf75com_1_01.raw,gi|54036848,,
VTDAEIAEVLAR,17.79,1285.6877,12,0.8,643.8517,74.85,5.15E4,3,21303,20200714_588_TROCAS7_121_NMCPM_50%_gf75com_1_01.raw,gi|54036848,,
VTDAEIAEVLAR,15.75,1285.6877,12,0.5,643.8514,76.56,2.01E3,3,21808,20200714_588_TROCAS7_121_NMCPM_50%_gf75com_1_01.raw,gi|54036848,,
VIGQ(+.98)NEAVDAVSNAIR,52.86,1655.8478,16,6.0,828.9361,70.40,1.21E5,3,19901,20200714_588_TROCAS7_121_NMCPM_50%_gf75com_1_01.raw,gi|54036848,Deamidation (NQ),Q4:Deamidation (NQ):11.06
AIDLIDEAASSIR,52.05,1372.7197,13,-0.4,458.5803,77.92,4.89E4,3,22190,20200714_588_TROCAS7_121_NMCPM_50%_gf75com_1_01.raw,gi|54036848,,
AIDLIDEAASSIR,48.03,1372.7197,13,1.3,687.3680,78.35,,3,22330,20200714_588_TROCAS7_121_NMCPM_50%_gf75com_1_01.raw,gi|54036848,,
AIDLIDEAASSIR,46.02,1372.7197,13,1.6,687.3682,75.77,1.27E5,3,21579,20200714_588_TROCAS7_121_NMCPM_50%_gf75com_1_01.raw,gi|54036848,,
AIDLIDEAASSIR,45.07,1372.7197,13,-0.6,687.3668,77.84,3.75E5,3,22168,20200714_588_TROCAS7_121_NMCPM_50%_gf75com_1_01.raw,gi|54036848,,
AIDLIDEAASSIR,35.85,1372.7197,13,1.2,687.3680,79.94,2.05E5,3,22759,20200714_588_TROCAS7_121_NMCPM_50%_gf75com_1_01.raw,gi|54036848,,
AIDLIDEAASSIR,25.75,1372.7197,13,0.2,687.3672,81.05,2.18E5,3,23079,20200714_588_TROCAS7_121_NMCPM_50%_gf75com_1_01.raw,gi|54036848,,
NNPVLIGEPGVGK,45.98,1292.7089,13,2.7,647.3635,54.61,7.44E4,3,15230,20200714_588_TROCAS7_121_NMCPM_50%_gf75com_1_01.raw,gi|54036848,,
NNPVLIGEPGVGK,45.10,1292.7089,13,3.4,647.3639,53.06,5E6,3,14754,20200714_588_TROCAS7_121_NMCPM_50%_gf75com_1_01.raw,gi|54036848,,
NNPVLIGEPGVGK,27.07,1292.7089,13,2.3,647.3632,53.57,9.85E6,3,14936,20200714_588_TROCAS7_121_NMCPM_50%_gf75com_1_01.raw,gi|54036848,,
NNPVLIGEPGVGK,23.07,1292.7089,13,2.5,647.3633,54.08,4.18E4,3,15090,20200714_588_TROCAS7_121_NMCPM_50%_gf75com_1_01.raw,gi|54036848,,
LGEHNIDVLEGN(+.98)EQFINAAK,41.47,2211.0808,20,12.4,738.0433,69.54,1.54E4,3,19605,20200714_588_TROCAS7_121_NMCPM_50%_gf75com_1_01.raw,,Deamidation (NQ),N12:Deamidation (NQ):0.00
LSSPATLN(+.98)SR,41.35,1045.5404,10,2.0,523.7785,39.74,2.19E5,3,11401,20200714_588_TROCAS7_121_NMCPM_50%_gf75com_1_01.raw,,Deamidation (NQ),N8:Deamidation (NQ):1000.00
AIQ(+.98)QQIENPLAQQILSGELVPGK,40.00,2474.3379,23,1.5,825.7878,90.10,4.81E4,3,25480,20200714_588_TROCAS7_121_NMCPM_50%_gf75com_1_01.raw,gi|54036848,Deamidation (NQ),Q3:Deamidation (NQ):0.00
LSSPATLNSR,39.63,1044.5564,10,2.3,523.2867,37.43,6.38E7,3,10827,20200714_588_TROCAS7_121_NMCPM_50%_gf75com_1_01.raw,,,
LSSPATLNSR,37.75,1044.5564,10,0.4,523.2857,36.92,2.25E6,3,10693,20200714_588_TROCAS7_121_NMCPM_50%_gf75com_1_01.raw,,,
LSSPATLNSR,34.41,1044.5564,10,0.3,523.2856,38.59,3.47E4,3,11118,20200714_588_TROCAS7_121_NMCPM_50%_gf75com_1_01.raw,,,
N(+.98)NPVLIGEPGVGK,38.59,1293.6929,13,1.7,647.8548,56.52,1.31E5,3,15834,20200714_588_TROCAS7_121_NMCPM_50%_gf75com_1_01.raw,gi|54036848,Deamidation (NQ),N1:Deamidation (NQ):0.00
N(+.98)NPVLIGEPGVGK,37.31,1293.6929,13,2.0,647.8550,55.15,9.13E4,3,15378,20200714_588_TROCAS7_121_NMCPM_50%_gf75com_1_01.raw,gi|54036848,Deamidation (NQ),N1:Deamidation (NQ):0.00
IITHPNFNGNTLDND,38.02,1683.7853,15,2.1,842.9017,54.62,1.74E5,3,15234,20200714_588_TROCAS7_121_NMCPM_50%_gf75com_1_01.raw,,,
QVEGTGGDVQPSQDLVR,37.78,1783.8700,17,1.5,892.9436,45.80,1.9E5,3,12872,20200714_588_TROCAS7_121_NMCPM_50%_gf75com_1_01.raw,gi|54036848,,
QVEGTGGDVQPSQDLVR,26.26,1783.8700,17,-6.0,892.9370,56.19,,3,15688,20200714_588_TROCAS7_121_NMCPM_50%_gf75com_1_01.raw,gi|54036848,,
VLEGNEQFINAAK,35.98,1431.7357,13,1.0,716.8759,53.44,1.37E5,3,14885,20200714_588_TROCAS7_121_NMCPM_50%_gf75com_1_01.raw,,,
KDLNLAVDAGLWQR,31.52,1597.8575,14,-8.1,533.6221,66.57,4.71E5,3,18647,20200714_588_TROCAS7_121_NMCPM_50%_gf75com_1_01.raw,GROUPS_81879_PROKKA_01377,,
EGTGGDVQPSQDLVR,31.15,1556.7430,15,-4.7,779.3751,56.26,,3,15722,20200714_588_TROCAS7_121_NMCPM_50%_gf75com_1_01.raw,gi|54036848,,
VVTVVDPR,29.89,883.5127,8,-0.2,442.7635,48.68,1.53E5,3,13636,20200714_588_TROCAS7_121_NMCPM_50%_gf75com_1_01.raw,GROUPS_9925305_PROKKA_254397,,
VVTVVDPR,22.94,883.5127,8,1.7,442.7644,48.18,2.7E5,3,13497,20200714_588_TROCAS7_121_NMCPM_50%_gf75com_1_01.raw,GROUPS_9925305_PROKKA_254397,,
VALDALPR,28.80,853.5021,8,2.5,427.7594,48.69,8.6E4,3,13637,20200714_588_TROCAS7_121_NMCPM_50%_gf75com_1_01.raw,GROUPS_6959998_PROKKA_105589,,
AELADLLAR,28.72,970.5447,9,1.8,486.2805,56.52,5.37E5,3,15832,20200714_588_TROCAS7_121_NMCPM_50%_gf75com_1_01.raw,KNOT_15162823_PROKKA_618933:GROUPS_12319827_PROKKA_441638,,
LMSGKGGQLEINGKLK,28.60,1671.9341,16,-9.3,558.3135,65.76,2.32E5,3,18372,20200714_588_TROCAS7_121_NMCPM_50%_gf75com_1_01.raw,GROUPS_14331329_PROKKA_613305,,
LMSGKGGQLEINGKLK,24.97,1671.9341,16,-12.9,558.3115,66.27,6.09E6,3,18525,20200714_588_TROCAS7_121_NMCPM_50%_gf75com_1_01.raw,GROUPS_14331329_PROKKA_613305,,
LMSGKGGQLEINGKLK,22.94,1671.9341,16,-13.4,558.3112,66.77,3.88E6,3,18709,20200714_588_TROCAS7_121_NMCPM_50%_gf75com_1_01.raw,GROUPS_14331329_PROKKA_613305,,
C(+57.02)HTPGPK,28.30,795.3698,7,5.5,398.6943,62.73,,3,17554,20200714_588_TROCAS7_121_NMCPM_50%_gf75com_1_01.raw,KNOT_8217490_PROKKA_438452:KNOT_248008_PROKKA_16054,Carbamidomethylation,C1:Carbamidomethylation:1000.00
C(+57.02)HTPGPK,21.85,795.3698,7,-1.3,398.6917,65.17,2.09E4,3,18197,20200714_588_TROCAS7_121_NMCPM_50%_gf75com_1_01.raw,KNOT_8217490_PROKKA_438452:KNOT_248008_PROKKA_16054,Carbamidomethylation,C1:Carbamidomethylation:1000.00
C(+57.02)HTPGPK,17.49,795.3698,7,-2.3,398.6912,65.68,1.14E4,3,18352,20200714_588_TROCAS7_121_NMCPM_50%_gf75com_1_01.raw,KNOT_8217490_PROKKA_438452:KNOT_248008_PROKKA_16054,Carbamidomethylation,C1:Carbamidomethylation:1000.00
NPVILTGRPR,28.17,1121.6669,10,-8.0,561.8362,53.08,2.21E5,3,14760,20200714_588_TROCAS7_121_NMCPM_50%_gf75com_1_01.raw,KNOT_15816766_PROKKA_631953,,
VATVSLPR,27.78,841.5021,8,2.4,421.7594,46.86,8.47E7,3,13149,20200714_588_TROCAS7_121_NMCPM_50%_gf75com_1_01.raw,,,
VATVSLPR,27.75,841.5021,8,11.3,421.7631,53.09,2.33E4,3,14770,20200714_588_TROCAS7_121_NMCPM_50%_gf75com_1_01.raw,,,
VATVSLPR,27.57,841.5021,8,2.2,421.7593,46.36,5.29E3,3,13014,20200714_588_TROCAS7_121_NMCPM_50%_gf75com_1_01.raw,,,
VATVSLPR,26.92,841.5021,8,2.3,421.7593,47.37,,3,13280,20200714_588_TROCAS7_121_NMCPM_50%_gf75com_1_01.raw,,,
VATVSLPR,26.77,841.5021,8,3.2,421.7597,48.39,3.41E4,3,13554,20200714_588_TROCAS7_121_NMCPM_50%_gf75com_1_01.raw,,,
VATVSLPR,22.77,841.5021,8,0.7,421.7586,47.87,,3,13414,20200714_588_TROCAS7_121_NMCPM_50%_gf75com_1_01.raw,,,
VATVSLPR,19.80,841.5021,8,2.3,421.7593,45.86,1.37E6,3,12885,20200714_588_TROCAS7_121_NMCPM_50%_gf75com_1_01.raw,,,
VATVSLPR,18.45,841.5021,8,10.4,421.7627,57.30,2.04E4,3,16050,20200714_588_TROCAS7_121_NMCPM_50%_gf75com_1_01.raw,,,
VATVSLPR,17.68,841.5021,8,13.5,421.7640,74.35,1.25E3,3,21163,20200714_588_TROCAS7_121_NMCPM_50%_gf75com_1_01.raw,,,
VAHKIFR,27.59,869.5235,7,14.2,435.7752,55.91,2.62E4,3,15599,20200714_588_TROCAS7_121_NMCPM_50%_gf75com_1_01.raw,GROUPS_14868716_PROKKA_635212,,
VAHKIFR,25.61,869.5235,7,14.5,435.7753,58.40,2.13E4,3,16359,20200714_588_TROCAS7_121_NMCPM_50%_gf75com_1_01.raw,GROUPS_14868716_PROKKA_635212,,
VAHKIFR,25.25,869.5235,7,13.2,435.7747,57.14,2.71E4,3,16004,20200714_588_TROCAS7_121_NMCPM_50%_gf75com_1_01.raw,GROUPS_14868716_PROKKA_635212,,
VAHKIFR,22.73,869.5235,7,10.0,435.7734,76.60,,3,21819,20200714_588_TROCAS7_121_NMCPM_50%_gf75com_1_01.raw,GROUPS_14868716_PROKKA_635212,,
VAHKIFR,22.32,869.5235,7,13.6,435.7749,64.90,,3,18131,20200714_588_TROCAS7_121_NMCPM_50%_gf75com_1_01.raw,GROUPS_14868716_PROKKA_635212,,
VAHKIFR,20.00,869.5235,7,13.5,435.7749,68.08,7.72E3,3,19135,20200714_588_TROCAS7_121_NMCPM_50%_gf75com_1_01.raw,GROUPS_14868716_PROKKA_635212,,
VAHKIFR,19.45,869.5235,7,13.2,435.7748,53.65,3.36E4,3,14961,20200714_588_TROCAS7_121_NMCPM_50%_gf75com_1_01.raw,GROUPS_14868716_PROKKA_635212,,
VAHKIFR,19.04,869.5235,7,13.7,435.7750,72.49,1.06E4,3,20600,20200714_588_TROCAS7_121_NMCPM_50%_gf75com_1_01.raw,GROUPS_14868716_PROKKA_635212,,
VAHKIFR,18.78,869.5235,7,13.4,435.7749,46.07,,3,12941,20200714_588_TROCAS7_121_NMCPM_50%_gf75com_1_01.raw,GROUPS_14868716_PROKKA_635212,,
VAHKIFR,17.60,869.5235,7,13.7,435.7750,67.47,,3,18928,20200714_588_TROCAS7_121_NMCPM_50%_gf75com_1_01.raw,GROUPS_14868716_PROKKA_635212,,
VAHKIFR,15.19,869.5235,7,14.0,435.7751,59.77,9.3E3,3,16749,20200714_588_TROCAS7_121_NMCPM_50%_gf75com_1_01.raw,GROUPS_14868716_PROKKA_635212,,
VAQ(+.98)VSPIR,27.39,869.4970,8,2.0,435.7567,49.80,2.37E5,3,13927,20200714_588_TROCAS7_121_NMCPM_50%_gf75com_1_01.raw,GROUPS_12721432_PROKKA_485844,Deamidation (NQ),Q3:Deamidation (NQ):1000.00
VAQ(+.98)VSPIR,26.40,869.4970,8,1.2,435.7563,50.34,7.59E4,3,14064,20200714_588_TROCAS7_121_NMCPM_50%_gf75com_1_01.raw,GROUPS_12721432_PROKKA_485844,Deamidation (NQ),Q3:Deamidation (NQ):1000.00
NNPVLIGEPGVG,27.11,1164.6139,12,12.0,583.3212,61.66,2.14E4,3,17266,20200714_588_TROCAS7_121_NMCPM_50%_gf75com_1_01.raw,gi|54036848,,
LPQ(+.98)VEGTGGDVQPSQDLVR,26.54,1994.9908,19,6.1,666.0083,57.37,,3,16076,20200714_588_TROCAS7_121_NMCPM_50%_gf75com_1_01.raw,gi|54036848,Deamidation (NQ),Q3:Deamidation (NQ):18.61
VVTSIVPR,26.40,869.5334,8,4.7,435.7761,54.16,1.61E5,3,15111,20200714_588_TROCAS7_121_NMCPM_50%_gf75com_1_01.raw,KNOT_11806684_PROKKA_545486,,
VVTSIVPR,26.02,869.5334,8,0.5,435.7742,50.36,1.6E5,3,14069,20200714_588_TROCAS7_121_NMCPM_50%_gf75com_1_01.raw,KNOT_11806684_PROKKA_545486,,
VVTSIVPR,23.31,869.5334,8,2.7,435.7752,52.54,,3,14623,20200714_588_TROCAS7_121_NMCPM_50%_gf75com_1_01.raw,KNOT_11806684_PROKKA_545486,,
VVTSIVPR,22.23,869.5334,8,1.9,435.7748,56.52,5.65E4,3,15837,20200714_588_TROCAS7_121_NMCPM_50%_gf75com_1_01.raw,KNOT_11806684_PROKKA_545486,,
VVTSIVPR,17.82,869.5334,8,2.4,435.7750,59.00,,3,16533,20200714_588_TROCAS7_121_NMCPM_50%_gf75com_1_01.raw,KNOT_11806684_PROKKA_545486,,
VVTSIVPR,16.16,869.5334,8,2.4,435.7750,55.37,7.15E4,3,15443,20200714_588_TROCAS7_121_NMCPM_50%_gf75com_1_01.raw,KNOT_11806684_PROKKA_545486,,
AITVVDPR,25.72,869.4971,8,1.4,435.7564,47.69,1.03E6,3,13369,20200714_588_TROCAS7_121_NMCPM_50%_gf75com_1_01.raw,KNOT_202259_PROKKA_12950,,
AITVVDPR,21.25,869.4971,8,0.9,435.7562,47.19,2.64E5,3,13234,20200714_588_TROCAS7_121_NMCPM_50%_gf75com_1_01.raw,KNOT_202259_PROKKA_12950,,
ALTVVDPR,25.72,869.4971,8,1.4,435.7564,47.69,1.03E6,3,13369,20200714_588_TROCAS7_121_NMCPM_50%_gf75com_1_01.raw,KNOT_14392755_PROKKA_600858,,
ALTVVDPR,21.25,869.4971,8,0.9,435.7562,47.19,2.64E5,3,13234,20200714_588_TROCAS7_121_NMCPM_50%_gf75com_1_01.raw,KNOT_14392755_PROKKA_600858,,
NPVLIGEPGVGK,25.53,1178.6659,12,2.6,590.3417,53.30,8.26E4,3,14844,20200714_588_TROCAS7_121_NMCPM_50%_gf75com_1_01.raw,gi|54036848,,
HFGGYIGIYHSK,24.79,1377.6830,12,-4.8,460.2327,70.95,,3,20071,20200714_588_TROCAS7_121_NMCPM_50%_gf75com_1_01.raw,KNOT_28588537_PROKKA_791562,,
LPQVEGTGGDVQPSQD,24.78,1625.7533,16,2.5,813.8860,45.99,,3,12918,20200714_588_TROCAS7_121_NMCPM_50%_gf75com_1_01.raw,gi|54036848,,
LDPVLLGQGR,24.63,1066.6134,10,2.6,534.3154,50.68,,3,14150,20200714_588_TROCAS7_121_NMCPM_50%_gf75com_1_01.raw,KNOT_3106724_PROKKA_214821,,
LATVSLPR,24.56,855.5178,8,2.8,428.7673,47.57,7.9E7,3,13332,20200714_588_TROCAS7_121_NMCPM_50%_gf75com_1_01.raw,KNOT_5879241_PROKKA_348517,,
LATVSLPR,22.46,855.5178,8,1.6,428.7668,48.07,,3,13469,20200714_588_TROCAS7_121_NMCPM_50%_gf75com_1_01.raw,KNOT_5879241_PROKKA_348517,,
LGEHNIDVLEGNEQ,24.46,1565.7322,14,1.7,783.8747,56.52,1.3E6,3,15833,20200714_588_TROCAS7_121_NMCPM_50%_gf75com_1_01.raw,,,
AVGIVLDR,23.87,841.5021,8,4.6,421.7603,49.58,2.95E4,3,13872,20200714_588_TROCAS7_121_NMCPM_50%_gf75com_1_01.raw,KNOT_6275602_PROKKA_362593,,
VVGVDVPR,23.74,839.4865,8,0.9,420.7509,49.08,1.83E5,3,13744,20200714_588_TROCAS7_121_NMCPM_50%_gf75com_1_01.raw,KNOT_7316599_PROKKA_403136:GROUPS_8553965_PROKKA_176591,,
LGEHNIDVL,23.72,1008.5240,9,4.2,505.2714,60.30,3.86E4,3,16890,20200714_588_TROCAS7_121_NMCPM_50%_gf75com_1_01.raw,,,
VEPVLLEWPEP,23.52,1306.6809,11,6.9,654.3522,53.11,1.43E5,3,14782,20200714_588_TROCAS7_121_NMCPM_50%_gf75com_1_01.raw,KNOT_1390389_PROKKA_91441,,
VEPVLLEWPEP,17.34,1306.6809,11,7.1,654.3524,53.62,4.56E5,3,14953,20200714_588_TROCAS7_121_NMCPM_50%_gf75com_1_01.raw,KNOT_1390389_PROKKA_91441,,
LATLLSPR,23.14,869.5334,8,1.2,435.7745,48.00,2.95E6,3,13448,20200714_588_TROCAS7_121_NMCPM_50%_gf75com_1_01.raw,GROUPS_12928306_PROKKA_511343,,
VVTVTVPR,22.50,869.5334,8,1.4,435.7746,49.51,2.58E4,3,13854,20200714_588_TROCAS7_121_NMCPM_50%_gf75com_1_01.raw,GROUPS_9140978_PROKKA_212107,,
FPRGAVAAAAAGMLA,22.27,1372.7285,15,-5.8,458.5808,78.42,,3,22348,20200714_588_TROCAS7_121_NMCPM_50%_gf75com_1_01.raw,KNOT_458829_PROKKA_29526,,
LPQVEGTGGDVQ(+.98)PSQDLVR,21.74,1994.9908,19,14.8,998.5175,59.89,,3,16779,20200714_588_TROCAS7_121_NMCPM_50%_gf75com_1_01.raw,gi|54036848,Deamidation (NQ),Q12:Deamidation (NQ):11.25
VVTTVVPR,21.72,869.5334,8,1.2,435.7745,50.86,2.23E5,3,14198,20200714_588_TROCAS7_121_NMCPM_50%_gf75com_1_01.raw,KNOT_6608724_PROKKA_375222,,
PNDTTDGLTGPAK,21.71,1285.6150,13,13.7,643.8235,69.03,,3,19466,20200714_588_TROCAS7_121_NMCPM_50%_gf75com_1_01.raw,KNOT_26016799_PROKKA_772511,,
LIKLSSPATLNSR,21.65,1398.8195,13,2.1,467.2814,53.88,,3,15028,20200714_588_TROCAS7_121_NMCPM_50%_gf75com_1_01.raw,,,
VTDPATGKQ(+.98)R,21.59,1072.5513,10,1.9,537.2839,40.15,4.51E5,3,11502,20200714_588_TROCAS7_121_NMCPM_50%_gf75com_1_01.raw,GROUPS_13444841_PROKKA_540177,Deamidation (NQ),Q9:Deamidation (NQ):1000.00
EVVEN(+.98)AILHAR,21.47,1250.6619,11,-4.5,626.3354,64.02,5.5E4,3,17900,20200714_588_TROCAS7_121_NMCPM_50%_gf75com_1_01.raw,KNOT_285781_PROKKA_18502,Deamidation (NQ),N5:Deamidation (NQ):1000.00
ALDSYAPFRLSR,21.26,1394.7306,12,-11.3,465.9122,78.54,7.2E4,3,22377,20200714_588_TROCAS7_121_NMCPM_50%_gf75com_1_01.raw,KNOT_11672425_PROKKA_541385,,
VAEVDVPR,21.02,883.4763,8,2.4,442.7465,50.20,1.54E5,3,14030,20200714_588_TROCAS7_121_NMCPM_50%_gf75com_1_01.raw,GROUPS_8837021_PROKKA_195284:GROUPS_14138762_PROKKA_602262,,
VPPVPLK,20.71,748.4847,7,-1.3,375.2491,88.12,,3,24943,20200714_588_TROCAS7_121_NMCPM_50%_gf75com_1_01.raw,GROUPS_12769142_PROKKA_494028:GROUPS_16179958_PROKKA_704558,,
VPPVPLK,19.25,748.4847,7,2.3,375.2505,91.66,3.54E3,3,25863,20200714_588_TROCAS7_121_NMCPM_50%_gf75com_1_01.raw,GROUPS_12769142_PROKKA_494028:GROUPS_16179958_PROKKA_704558,,
PVTVSLPR,20.61,867.5178,8,2.4,434.7672,61.44,6.18E4,3,17203,20200714_588_TROCAS7_121_NMCPM_50%_gf75com_1_01.raw,GROUPS_14067386_PROKKA_594436,,
AIQQQIENPLA,20.59,1223.6510,11,2.9,612.8345,62.20,,3,17406,20200714_588_TROCAS7_121_NMCPM_50%_gf75com_1_01.raw,gi|54036848,,
FEGLSVLK,20.56,891.5065,8,8.5,446.7643,48.58,1.53E4,3,13609,20200714_588_TROCAS7_121_NMCPM_50%_gf75com_1_01.raw,GROUPS_15002183_PROKKA_643254,,
NDYALFGK,20.54,926.4498,8,3.4,464.2337,65.17,1.26E5,3,18195,20200714_588_TROCAS7_121_NMCPM_50%_gf75com_1_01.raw,KNOT_326258_PROKKA_21122,,
NDYALFGK,16.39,926.4498,8,2.4,464.2333,73.67,5.67E3,3,20976,20200714_588_TROCAS7_121_NMCPM_50%_gf75com_1_01.raw,KNOT_326258_PROKKA_21122,,
MN(+.98)PLAVELAR,20.17,1113.5852,10,-12.4,557.7930,79.75,,3,22710,20200714_588_TROCAS7_121_NMCPM_50%_gf75com_1_01.raw,KNOT_10329336_PROKKA_501267,Deamidation (NQ),N2:Deamidation (NQ):1000.00
DAVC(+57.02)HTC(+57.02)VDGQ(+.98)PTIRR,20.08,1884.8571,16,-4.0,943.4321,70.80,,3,20028,20200714_588_TROCAS7_121_NMCPM_50%_gf75com_1_01.raw,GROUPS_8879763_PROKKA_198010,Carbamidomethylation; Deamidation (NQ),C4:Carbamidomethylation:1000.00;C7:Carbamidomethylation:1000.00;Q11:Deamidation (NQ):1000.00
LTTIVPGR,20.05,855.5178,8,2.9,428.7674,48.58,,3,13605,20200714_588_TROCAS7_121_NMCPM_50%_gf75com_1_01.raw,GROUPS_13274794_PROKKA_533838,,
LTTIVPGR,16.23,855.5178,8,4.6,428.7681,49.58,4.46E4,3,13873,20200714_588_TROCAS7_121_NMCPM_50%_gf75com_1_01.raw,GROUPS_13274794_PROKKA_533838,,
VPRSLPR,20.05,823.5028,7,-13.4,412.7531,46.55,6.57E5,3,13066,20200714_588_TROCAS7_121_NMCPM_50%_gf75com_1_01.raw,KNOT_14573911_PROKKA_604957,,
VPRSLPR,17.66,823.5028,7,-10.4,412.7544,47.06,1.26E5,3,13201,20200714_588_TROCAS7_121_NMCPM_50%_gf75com_1_01.raw,KNOT_14573911_PROKKA_604957,,
EVPVILN(+.98)QMHAL,20.03,1363.7169,12,-6.0,682.8616,53.27,8.25E4,3,14832,20200714_588_TROCAS7_121_NMCPM_50%_gf75com_1_01.raw,KNOT_34940726_PROKKA_886884,Deamidation (NQ),N7:Deamidation (NQ):0.00
ISGPANLSTR,19.48,1014.5458,10,5.3,508.2829,37.31,3.31E4,3,10796,20200714_588_TROCAS7_121_NMCPM_50%_gf75com_1_01.raw,,,
IGDIVSPR,19.43,855.4814,8,1.5,428.7486,47.01,3.08E6,3,13186,20200714_588_TROCAS7_121_NMCPM_50%_gf75com_1_01.raw,,,
NLFLGLEKR,19.39,1088.6342,9,-12.6,545.3175,69.87,,3,19710,20200714_588_TROCAS7_121_NMCPM_50%_gf75com_1_01.raw,,,
GTGGDVQPSQDLVR,19.36,1427.7004,14,1.0,714.8582,42.25,,3,12021,20200714_588_TROCAS7_121_NMCPM_50%_gf75com_1_01.raw,gi|54036848,,
AAVDSAAC(+57.02)RAALR,19.25,1330.6775,13,-4.1,444.5646,53.09,4.91E4,3,14765,20200714_588_TROCAS7_121_NMCPM_50%_gf75com_1_01.raw,,Carbamidomethylation,C8:Carbamidomethylation:1000.00
YENSKK,18.95,767.3813,6,-12.7,384.6931,56.85,1.99E4,3,15929,20200714_588_TROCAS7_121_NMCPM_50%_gf75com_1_01.raw,,,
HLHVAGLAR,18.81,972.5617,9,13.3,487.2946,68.29,,3,19200,20200714_588_TROCAS7_121_NMCPM_50%_gf75com_1_01.raw,,,
LARVDNQTSGESVAEVGDAMR,18.74,2204.0491,21,1.2,1103.0331,116.91,,3,32458,20200714_588_TROCAS7_121_NMCPM_50%_gf75com_1_01.raw,KNOT_2270850_PROKKA_154424,,
VTAPAEATGGR,18.72,1028.5250,11,8.4,515.2741,37.31,6.1E4,3,10795,20200714_588_TROCAS7_121_NMCPM_50%_gf75com_1_01.raw,,,
LLATYGSKRTK,18.67,1236.7190,11,12.3,619.3744,77.52,,3,22077,20200714_588_TROCAS7_121_NMCPM_50%_gf75com_1_01.raw,,,
RN(+.98)AEAVN(+.98)DAAAARR,18.53,1485.7284,14,-13.5,743.8615,69.59,,3,19626,20200714_588_TROCAS7_121_NMCPM_50%_gf75com_1_01.raw,,Deamidation (NQ),N2:Deamidation (NQ):1000.00;N7:Deamidation (NQ):1000.00
ITAVLSPR,18.20,855.5178,8,2.0,856.5267,47.40,2.79E5,3,13289,20200714_588_TROCAS7_121_NMCPM_50%_gf75com_1_01.raw,,,
KNFASPSSPINGK,18.19,1345.6990,13,-8.4,449.5699,76.60,,3,21820,20200714_588_TROCAS7_121_NMCPM_50%_gf75com_1_01.raw,,,
PVLM(+15.99)AADILIHR,18.08,1363.7645,12,-3.6,682.8871,52.21,,3,14536,20200714_588_TROCAS7_121_NMCPM_50%_gf75com_1_01.raw,,Oxidation (M),M4:Oxidation (M):1000.00
RDLIDYK,17.92,921.4919,7,2.8,461.7545,53.28,2.45E4,3,14833,20200714_588_TROCAS7_121_NMCPM_50%_gf75com_1_01.raw,,,
RDLLDYK,17.92,921.4919,7,2.8,461.7545,53.28,2.45E4,3,14833,20200714_588_TROCAS7_121_NMCPM_50%_gf75com_1_01.raw,,,
QPGAFALAVK,17.87,1000.5705,10,0.0,501.2925,65.96,,3,18433,20200714_588_TROCAS7_121_NMCPM_50%_gf75com_1_01.raw,,,
LNKSTPPK,17.67,883.5127,8,1.1,442.7641,49.19,,3,13775,20200714_588_TROCAS7_121_NMCPM_50%_gf75com_1_01.raw,,,
HDIVGFSVQIPLLDQKR,17.56,1964.0842,17,-3.1,983.0464,66.51,5.73E4,3,18622,20200714_588_TROCAS7_121_NMCPM_50%_gf75com_1_01.raw,,,
LPLDAKPGR,17.55,965.5658,9,-8.3,483.7862,53.47,1.55E4,3,14909,20200714_588_TROCAS7_121_NMCPM_50%_gf75com_1_01.raw,,,
VATISGHK,17.53,811.4552,8,3.1,406.7361,46.68,5.21E5,3,13102,20200714_588_TROCAS7_121_NMCPM_50%_gf75com_1_01.raw,,,
AVAEGIPR,17.37,811.4551,8,0.9,406.7352,46.18,6.79E4,3,12967,20200714_588_TROCAS7_121_NMCPM_50%_gf75com_1_01.raw,,,
TFDEINSIIGQNSDIYSK,17.27,2042.9796,18,14.1,1022.5115,3.66,,3,1162,20200714_588_TROCAS7_121_NMCPM_50%_gf75com_1_01.raw,,,
EVYEDK,17.25,781.3494,6,1.5,391.6826,56.52,3.43E4,3,15835,20200714_588_TROCAS7_121_NMCPM_50%_gf75com_1_01.raw,,,
VEAIPGLK,17.07,825.4960,8,-9.9,413.7512,48.25,,3,13518,20200714_588_TROCAS7_121_NMCPM_50%_gf75com_1_01.raw,,,
RGGNHVEFK,17.03,1042.5308,9,11.5,522.2786,61.44,,3,17205,20200714_588_TROCAS7_121_NMCPM_50%_gf75com_1_01.raw,,,
VVRVLER,16.99,869.5447,7,-2.6,435.7785,62.72,1.23E4,3,17546,20200714_588_TROCAS7_121_NMCPM_50%_gf75com_1_01.raw,,,
AVLHFKK,16.83,841.5174,7,-7.9,421.7626,62.72,,3,17547,20200714_588_TROCAS7_121_NMCPM_50%_gf75com_1_01.raw,,,
DGRVIPTLYNK,16.78,1274.6982,11,6.6,638.3606,71.87,,3,20420,20200714_588_TROCAS7_121_NMCPM_50%_gf75com_1_01.raw,,,
AAEKGKPGR,16.77,912.5140,9,3.4,457.2658,73.29,1.08E5,3,20849,20200714_588_TROCAS7_121_NMCPM_50%_gf75com_1_01.raw,KNOT_14573911_PROKKA_604957,,
AAEKGKPGR,15.74,912.5140,9,-10.1,457.2597,46.20,1.74E5,3,12973,20200714_588_TROCAS7_121_NMCPM_50%_gf75com_1_01.raw,KNOT_14573911_PROKKA_604957,,
EVTVSNDIR,16.75,1031.5247,9,9.0,516.7742,68.87,3.76E4,3,19390,20200714_588_TROCAS7_121_NMCPM_50%_gf75com_1_01.raw,,,
IDDHTLKSGFTR,16.72,1388.7048,12,12.1,695.3681,76.66,,3,21835,20200714_588_TROCAS7_121_NMCPM_50%_gf75com_1_01.raw,,,
AIATEIKAGRGVGIDGQAVLLK,16.67,2179.2688,22,5.6,727.4343,47.34,,3,13275,20200714_588_TROCAS7_121_NMCPM_50%_gf75com_1_01.raw,KNOT_2270850_PROKKA_154424,,
SSPATLNSR,16.58,931.4723,9,-3.1,466.7420,24.12,2.82E5,3,7566,20200714_588_TROCAS7_121_NMCPM_50%_gf75com_1_01.raw,,,
DSFPPRQPTTERPK,16.44,1654.8427,14,14.7,828.4408,83.29,,3,23668,20200714_588_TROCAS7_121_NMCPM_50%_gf75com_1_01.raw,,,
DSFPPRQPTTERPK,15.01,1654.8427,14,2.9,828.4310,60.44,,3,16930,20200714_588_TROCAS7_121_NMCPM_50%_gf75com_1_01.raw,,,
MATEIC(+57.02)VALVYFANDRSR,16.40,2115.0242,18,-9.7,706.0085,67.70,1.76E4,3,18999,20200714_588_TROCAS7_121_NMCPM_50%_gf75com_1_01.raw,,Carbamidomethylation,C6:Carbamidomethylation:1000.00
LMSGKGGQ(+.98)LEINGKLK,16.26,1672.9181,16,-3.6,558.6447,68.30,,3,19211,20200714_588_TROCAS7_121_NMCPM_50%_gf75com_1_01.raw,GROUPS_14331329_PROKKA_613305,Deamidation (NQ),Q8:Deamidation (NQ):11.12
LMSGKGGQ(+.98)LEINGKLK,15.28,1672.9181,16,-5.0,558.6439,84.64,,3,24036,20200714_588_TROCAS7_121_NMCPM_50%_gf75com_1_01.raw,GROUPS_14331329_PROKKA_613305,Deamidation (NQ),Q8:Deamidation (NQ):11.12
RIFELGSAIGYS,16.25,1311.6823,12,2.2,438.2357,74.34,1.35E4,3,21155,20200714_588_TROCAS7_121_NMCPM_50%_gf75com_1_01.raw,,,
IALN(+.98)QSLTM(+15.99)NEFER,16.17,1681.7981,14,-4.7,841.9024,59.59,1.46E4,3,16695,20200714_588_TROCAS7_121_NMCPM_50%_gf75com_1_01.raw,,Deamidation (NQ); Oxidation (M),N4:Deamidation (NQ):17.01;M9:Oxidation (M):1000.00
LPAFLAALLGLGLN(+.98),16.16,1382.8173,14,8.4,461.9502,88.12,,3,24942,20200714_588_TROCAS7_121_NMCPM_50%_gf75com_1_01.raw,,Deamidation (NQ),N14:Deamidation (NQ):1000.00
VIQ(+.98)RMIVN(+.98)QR,16.16,1257.6863,10,-9.4,629.8445,71.95,,3,20443,20200714_588_TROCAS7_121_NMCPM_50%_gf75com_1_01.raw,,Deamidation (NQ),Q3:Deamidation (NQ):22.09;N8:Deamidation (NQ):0.00
EDLFNAN(+.98)LMGVR,16.15,1378.6550,12,-3.3,690.3325,66.65,,3,18677,20200714_588_TROCAS7_121_NMCPM_50%_gf75com_1_01.raw,,Deamidation (NQ),N7:Deamidation (NQ):32.28
GEITGINKQEIK,16.14,1328.7300,12,-7.6,665.3672,10.12,,3,3525,20200714_588_TROCAS7_121_NMCPM_50%_gf75com_1_01.raw,,,
NNVSVYGFK,16.06,1026.5134,9,-7.5,514.2601,63.37,1.1E4,3,17723,20200714_588_TROCAS7_121_NMCPM_50%_gf75com_1_01.raw,,,
AAVASGPVK,15.97,798.4599,9,-14.2,400.2315,47.01,9.26E4,3,13188,20200714_588_TROCAS7_121_NMCPM_50%_gf75com_1_01.raw,,,
LIDEAASSIR,15.86,1073.5717,10,11.1,537.7991,45.49,4.19E5,3,12797,20200714_588_TROCAS7_121_NMCPM_50%_gf75com_1_01.raw,gi|54036848,,
HVAVSATK,15.81,811.4552,8,2.2,406.7357,47.91,3.61E4,3,13427,20200714_588_TROCAS7_121_NMCPM_50%_gf75com_1_01.raw,,,
AGLM(+15.99)MPAGKKAVAVAK,15.79,1557.8734,16,7.9,520.3025,67.79,1.04E4,3,19039,20200714_588_TROCAS7_121_NMCPM_50%_gf75com_1_01.raw,,Oxidation (M),M4:Oxidation (M):0.00
NANSGARNTNRR,15.77,1329.6610,12,-3.7,444.2260,71.28,,3,20203,20200714_588_TROCAS7_121_NMCPM_50%_gf75com_1_01.raw,,,
PVLWWGEPGVGK,15.72,1323.6975,12,-2.5,662.8544,53.12,2.84E5,3,14784,20200714_588_TROCAS7_121_NMCPM_50%_gf75com_1_01.raw,,,
AHPEVFN(+.98)M(+15.99)LLQILEDGVLTDAK,15.71,2469.2461,22,-0.7,1235.6295,102.28,,3,28470,20200714_588_TROCAS7_121_NMCPM_50%_gf75com_1_01.raw,,Deamidation (NQ); Oxidation (M),N7:Deamidation (NQ):0.00;M8:Oxidation (M):1000.00
VPMDFGVVDPPR,15.67,1327.6594,12,6.7,443.5634,74.90,3.89E4,3,21315,20200714_588_TROCAS7_121_NMCPM_50%_gf75com_1_01.raw,,,
DMVSIPR,15.60,816.4164,7,11.5,409.2202,47.03,,3,13195,20200714_588_TROCAS7_121_NMCPM_50%_gf75com_1_01.raw,,,
NSAMAWK,15.58,806.3745,7,-0.9,404.1942,51.84,2.75E4,3,14443,20200714_588_TROCAS7_121_NMCPM_50%_gf75com_1_01.raw,,,
KGWSKVLR,15.53,972.5869,8,-14.6,487.2936,69.87,3.46E4,3,19711,20200714_588_TROCAS7_121_NMCPM_50%_gf75com_1_01.raw,,,
IAGLFIK,15.52,760.4847,7,-0.4,381.2495,83.43,,3,23703,20200714_588_TROCAS7_121_NMCPM_50%_gf75com_1_01.raw,,,
SDANPTGN(+.98)IRIM(+15.99)PLQ(+.98)P,15.51,1740.8352,16,-8.4,871.4176,68.88,,3,19401,20200714_588_TROCAS7_121_NMCPM_50%_gf75com_1_01.raw,,Deamidation (NQ); Oxidation (M),N8:Deamidation (NQ):8.26;M12:Oxidation (M):1000.00;Q15:Deamidation (NQ):15.88
HMMIPIRK,15.51,1024.5674,8,-14.2,513.2837,73.37,1.59E4,3,20897,20200714_588_TROCAS7_121_NMCPM_50%_gf75com_1_01.raw,,,
KVFPGGAGATIAPE,15.49,1313.6979,14,-8.5,657.8506,88.57,,3,25079,20200714_588_TROCAS7_121_NMCPM_50%_gf75com_1_01.raw,,,
NPGLDIHEMGGVR,15.45,1393.6772,13,-13.5,697.8365,73.35,1.93E4,3,20887,20200714_588_TROCAS7_121_NMCPM_50%_gf75com_1_01.raw,,,
FLVQGVNTGR,15.36,1089.5930,10,0.8,545.8042,48.45,,3,13570,20200714_588_TROCAS7_121_NMCPM_50%_gf75com_1_01.raw,,,
NSVISRAVR,15.33,1000.5778,9,-6.0,501.2932,79.28,,3,22583,20200714_588_TROCAS7_121_NMCPM_50%_gf75com_1_01.raw,,,
FADDHTLTIDDHTQVTAK,15.32,2026.9596,18,12.4,1014.4996,57.95,,3,16229,20200714_588_TROCAS7_121_NMCPM_50%_gf75com_1_01.raw,,,
ISPSRNEVTA,15.24,1072.5513,10,1.8,537.2839,40.69,5.26E5,3,11633,20200714_588_TROCAS7_121_NMCPM_50%_gf75com_1_01.raw,,,
FYVC(+57.02)EWAMRQ(+.98)VHQ(+.98)R,15.23,1910.8556,14,-6.8,956.4285,78.17,2.04E4,3,22266,20200714_588_TROCAS7_121_NMCPM_50%_gf75com_1_01.raw,,Carbamidomethylation; Deamidation (NQ),C4:Carbamidomethylation:1000.00;Q10:Deamidation (NQ):1000.00;Q13:Deamidation (NQ):1000.00
NAQAQVPGLKR,15.22,1180.6676,11,-3.1,394.5619,73.36,1.23E4,3,20893,20200714_588_TROCAS7_121_NMCPM_50%_gf75com_1_01.raw,,,
HSIEYTN(+.98)QELHLK,15.17,1611.7893,13,11.4,806.9111,66.51,7.74E4,3,18618,20200714_588_TROCAS7_121_NMCPM_50%_gf75com_1_01.raw,,Deamidation (NQ),N7:Deamidation (NQ):14.02
NWASDAVKASDYSQSEK,15.14,1884.8489,17,-12.8,943.4197,69.04,,3,19470,20200714_588_TROCAS7_121_NMCPM_50%_gf75com_1_01.raw,,,
DYFPPGR,15.09,850.3973,7,-1.6,426.2053,54.59,6.98E4,3,15225,20200714_588_TROCAS7_121_NMCPM_50%_gf75com_1_01.raw,,,
IHSWEITPELMPR,15.08,1607.8130,13,1.5,536.9457,69.87,,3,19714,20200714_588_TROCAS7_121_NMCPM_50%_gf75com_1_01.raw,,,
AAFRHLAAC(+57.02)GYR,15.07,1391.6880,12,-11.4,696.8433,59.49,3.57E4,3,16666,20200714_588_TROCAS7_121_NMCPM_50%_gf75com_1_01.raw,,Carbamidomethylation,C9:Carbamidomethylation:1000.00
