,stripped_peptide,NAAF factor,A,C,D,E,F,G,H,I,K,L,M,N,P,Q,R,S,T,V,W,Y,c-carb,m-oxid,n-deam,q-deam,A-NAAF20,C-NAAF20,D-NAAF20,E-NAAF20,F-NAAF20,G-NAAF20,H-NAAF20,I-NAAF20,K-NAAF20,L-NAAF20,M-NAAF20,N-NAAF20,P-NAAF20,Q-NAAF20,R-NAAF20,S-NAAF20,T-NAAF20,V-NAAF20,W-NAAF20,Y-NAAF20,ccarb-NAAF20,moxid-NAAF20,ndeam-NAAF20,qdeam-NAAF20
0,LGEHNIDVLEGNEQFINAAK,0.07737887352632127,2,0,1,3,1,2,1,2,1,2,0,3,0,1,0,0,0,1,0,0,0,0,0,0,0.15475774705264253,0.0,0.07737887352632127,0.23213662057896378,0.07737887352632127,0.15475774705264253,0.07737887352632127,0.15475774705264253,0.07737887352632127,0.15475774705264253,0.0,0.23213662057896378,0.0,0.07737887352632127,0.0,0.0,0.0,0.07737887352632127,0.0,0.0,0.0,0.0,0.0,0.0
1,LPQVEGTGGDVQPSQDLVR,0.0,0,0,2,1,0,3,0,0,0,2,0,0,2,3,1,1,1,3,0,0,0,0,0,0,0.0,0.0,0.0,0.0,0.0,0.0,0.0,0.0,0.0,0.0,0.0,0.0,0.0,0.0,0.0,0.0,0.0,0.0,0.0,0.0,0.0,0.0,0.0,0.0
2,LPQVEGTGGDVQPSQDLVR,0.0,0,0,2,1,0,3,0,0,0,2,0,0,2,3,1,1,1,3,0,0,0,0,0,1,0.0,0.0,0.0,0.0,0.0,0.0,0.0,0.0,0.0,0.0,0.0,0.0,0.0,0.0,0.0,0.0,0.0,0.0,0.0,0.0,0.0,0.0,0.0,0.0
3,VIGQNEAVDAVSNAIR,0.052990710709543226,3,0,1,1,0,1,0,2,0,0,0,2,0,1,1,1,0,3,0,0,0,0,1,0,0.15897213212862968,0.0,0.052990710709543226,0.052990710709543226,0.0,0.052990710709543226,0.0,0.10598142141908645,0.0,0.0,0.0,0.10598142141908645,0.0,0.052990710709543226,0.052990710709543226,0.052990710709543226,0.0,0.15897213212862968,0.0,0.0,0.0,0.0,0.052990710709543226,0.0
4,SSGSSYPSLLQCLK,0.0,0,1,0,0,0,1,0,0,1,3,0,0,1,1,0,5,0,0,0,1,1,0,0,0,0.0,0.0,0.0,0.0,0.0,0.0,0.0,0.0,0.0,0.0,0.0,0.0,0.0,0.0,0.0,0.0,0.0,0.0,0.0,0.0,0.0,0.0,0.0,0.0
5,LGEHNIDVLEGNEQFINAAK,0.09617088566842787,2,0,1,3,1,2,1,2,1,2,0,3,0,1,0,0,0,1,0,0,0,0,1,0,0.19234177133685573,0.0,0.09617088566842787,0.2885126570052836,0.09617088566842787,0.19234177133685573,0.09617088566842787,0.19234177133685573,0.09617088566842787,0.19234177133685573,0.0,0.2885126570052836,0.0,0.09617088566842787,0.0,0.0,0.0,0.09617088566842787,0.0,0.0,0.0,0.0,0.09617088566842787,0.0
6,LGEHNFINAAK,0.0016681679227752376,2,0,1,3,1,2,1,2,1,2,0,3,0,1,0,0,0,1,0,0,0,0,1,1,0.0033363358455504753,0.0,0.0016681679227752376,0.0050045037683257125,0.0016681679227752376,0.0033363358455504753,0.0016681679227752376,0.0033363358455504753,0.0016681679227752376,0.0033363358455504753,0.0,0.0050045037683257125,0.0,0.0016681679227752376,0.0,0.0,0.0,0.0016681679227752376,0.0,0.0,0.0,0.0,0.0016681679227752376,0.0016681679227752376
7,IITHPNFNGNTLDNDIMLIK,0.07019369241316287,0,0,2,0,1,1,1,4,1,2,1,4,1,0,0,0,2,0,0,0,0,1,0,0,0.0,0.0,0.14038738482632573,0.0,0.07019369241316287,0.07019369241316287,0.07019369241316287,0.28077476965265147,0.07019369241316287,0.14038738482632573,0.07019369241316287,0.28077476965265147,0.07019369241316287,0.0,0.0,0.0,0.14038738482632573,0.0,0.0,0.0,0.0,0.07019369241316287,0.0,0.0
8,AIDLIDEAASSIR,0.15815901621863468,3,0,2,1,0,0,0,3,0,1,0,0,0,0,1,2,0,0,0,0,0,0,0,0,0.474477048655904,0.0,0.31631803243726936,0.15815901621863468,0.0,0.0,0.0,0.474477048655904,0.0,0.15815901621863468,0.0,0.0,0.0,0.0,0.15815901621863468,0.31631803243726936,0.0,0.0,0.0,0.0,0.0,0.0,0.0,0.0
9,VEGTGGDVQPSQDLVR,0.09188741231250651,0,0,2,1,0,3,0,0,0,1,0,0,1,2,1,1,1,3,0,0,0,0,0,0,0.0,0.0,0.18377482462501302,0.09188741231250651,0.0,0.2756622369375195,0.0,0.0,0.0,0.09188741231250651,0.0,0.0,0.09188741231250651,0.18377482462501302,0.09188741231250651,0.09188741231250651,0.09188741231250651,0.2756622369375195,0.0,0.0,0.0,0.0,0.0,0.0
10,VTDAEIAEVLAR,6.770651433553111,3,0,1,2,0,0,0,1,0,1,0,0,0,0,1,0,1,2,0,0,0,0,0,0,20.31195430065933,0.0,6.770651433553111,13.541302867106221,0.0,0.0,0.0,6.770651433553111,0.0,6.770651433553111,0.0,0.0,0.0,0.0,6.770651433553111,0.0,6.770651433553111,13.541302867106221,0.0,0.0,0.0,0.0,0.0,0.0
11,SLVNLGGSKSISISVAR,0.031146622200930996,1,0,0,0,0,2,0,2,1,2,0,1,0,0,1,5,0,2,0,0,0,0,0,0,0.031146622200930996,0.0,0.0,0.0,0.0,0.06229324440186199,0.0,0.06229324440186199,0.031146622200930996,0.06229324440186199,0.0,0.031146622200930996,0.0,0.0,0.031146622200930996,0.15573311100465498,0.0,0.06229324440186199,0.0,0.0,0.0,0.0,0.0,0.0
12,VIGQNEAVDAVSNAIR,0.016995716863816995,3,0,1,1,0,1,0,2,0,0,0,2,0,1,1,1,0,3,0,0,0,0,0,1,0.05098715059145098,0.0,0.016995716863816995,0.016995716863816995,0.0,0.016995716863816995,0.0,0.03399143372763399,0.0,0.0,0.0,0.03399143372763399,0.0,0.016995716863816995,0.016995716863816995,0.016995716863816995,0.0,0.05098715059145098,0.0,0.0,0.0,0.0,0.0,0.016995716863816995
13,GGSGGSYGGGGSGGGYGGGSGSR,0.2850041739199286,0,0,0,0,0,15,0,0,0,0,0,0,0,0,1,5,0,0,0,2,0,0,0,0,0.0,0.0,0.0,0.0,0.0,4.275062608798929,0.0,0.0,0.0,0.0,0.0,0.0,0.0,0.0,0.2850041739199286,1.425020869599643,0.0,0.0,0.0,0.5700083478398572,0.0,0.0,0.0,0.0
14,GGSKSISISVAR,0.6549568937763621,1,0,0,0,0,2,0,2,1,0,0,0,0,0,1,4,0,1,0,0,0,0,0,0,0.6549568937763621,0.0,0.0,0.0,0.0,1.3099137875527243,0.0,1.3099137875527243,0.6549568937763621,0.0,0.0,0.0,0.0,0.0,0.6549568937763621,2.6198275751054485,0.0,0.6549568937763621,0.0,0.0,0.0,0.0,0.0,0.0
15,GSGGGSSGGSIGGR,0.0764313771157949,0,0,0,0,0,8,0,1,0,0,0,0,0,0,1,4,0,0,0,0,0,0,0,0,0.0,0.0,0.0,0.0,0.0,0.6114510169263592,0.0,0.0764313771157949,0.0,0.0,0.0,0.0,0.0,0.0,0.0764313771157949,0.3057255084631796,0.0,0.0,0.0,0.0,0.0,0.0,0.0,0.0
16,IVGGYTCAANSIPYQVSLNS,0.07295722361053149,2,1,0,0,0,2,0,2,0,1,0,2,1,1,0,3,1,2,0,2,1,0,0,0,0.14591444722106298,0.07295722361053149,0.0,0.0,0.0,0.14591444722106298,0.0,0.14591444722106298,0.0,0.07295722361053149,0.0,0.14591444722106298,0.07295722361053149,0.07295722361053149,0.0,0.21887167083159448,0.07295722361053149,0.14591444722106298,0.0,0.14591444722106298,0.07295722361053149,0.0,0.0,0.0
17,SGGGGGGGLGSGGSIRSSYSR,0.015949522910527446,0,0,0,0,0,10,0,1,0,1,0,0,0,0,2,6,0,0,0,1,0,0,0,0,0.0,0.0,0.0,0.0,0.0,0.15949522910527447,0.0,0.015949522910527446,0.0,0.015949522910527446,0.0,0.0,0.0,0.0,0.03189904582105489,0.09569713746316467,0.0,0.0,0.0,0.015949522910527446,0.0,0.0,0.0,0.0
18,LSSPATLNSR,16.249563440527467,1,0,0,0,0,0,0,0,0,2,0,1,1,0,1,3,1,0,0,0,0,0,0,0,16.249563440527467,0.0,0.0,0.0,0.0,0.0,0.0,0.0,0.0,32.499126881054934,0.0,16.249563440527467,16.249563440527467,0.0,16.249563440527467,48.7486903215824,16.249563440527467,0.0,0.0,0.0,0.0,0.0,0.0,0.0
19,STSSFSCLSR,0.3614698806158151,0,1,0,0,1,0,0,0,0,1,0,0,0,0,1,5,1,0,0,0,1,0,0,0,0.0,0.3614698806158151,0.0,0.0,0.3614698806158151,0.0,0.0,0.0,0.0,0.3614698806158151,0.0,0.0,0.0,0.0,0.3614698806158151,1.8073494030790753,0.3614698806158151,0.0,0.0,0.0,0.3614698806158151,0.0,0.0,0.0
20,AIQQQIENPLAQQILSGELVPGK,0.0,2,0,0,2,0,2,0,3,1,3,0,1,2,5,0,1,0,1,0,0,0,0,0,0,0.0,0.0,0.0,0.0,0.0,0.0,0.0,0.0,0.0,0.0,0.0,0.0,0.0,0.0,0.0,0.0,0.0,0.0,0.0,0.0,0.0,0.0,0.0,0.0
21,SLVNLGGSKSISIS,0.12238495302632445,0,0,0,0,0,2,0,2,1,2,0,1,0,0,0,5,0,1,0,0,0,0,0,0,0.0,0.0,0.0,0.0,0.0,0.2447699060526489,0.0,0.2447699060526489,0.12238495302632445,0.2447699060526489,0.0,0.12238495302632445,0.0,0.0,0.0,0.6119247651316222,0.0,0.12238495302632445,0.0,0.0,0.0,0.0,0.0,0.0
22,VEIDPEIQKVK,0.10551664571771083,0,0,1,2,0,0,0,2,2,0,0,0,1,1,0,0,0,2,0,0,0,0,0,0,0.0,0.0,0.10551664571771083,0.21103329143542165,0.0,0.0,0.0,0.21103329143542165,0.21103329143542165,0.0,0.0,0.0,0.10551664571771083,0.10551664571771083,0.0,0.0,0.0,0.21103329143542165,0.0,0.0,0.0,0.0,0.0,0.0
23,APSTVSPATIAASK,0.10501418550000743,4,0,0,0,0,0,0,1,1,0,0,0,2,0,0,3,2,1,0,0,0,0,0,0,0.42005674200002974,0.0,0.0,0.0,0.0,0.0,0.0,0.10501418550000743,0.10501418550000743,0.0,0.0,0.0,0.21002837100001487,0.0,0.0,0.31504255650002233,0.21002837100001487,0.10501418550000743,0.0,0.0,0.0,0.0,0.0,0.0
24,LFSVSTLK,0.015890304384869547,0,0,0,0,1,0,0,0,1,2,0,0,0,0,0,2,1,1,0,0,0,0,0,0,0.0,0.0,0.0,0.0,0.015890304384869547,0.0,0.0,0.0,0.015890304384869547,0.031780608769739094,0.0,0.0,0.0,0.0,0.0,0.031780608769739094,0.015890304384869547,0.015890304384869547,0.0,0.0,0.0,0.0,0.0,0.0
25,IPPKFIR,0.004753273659474021,0,0,0,0,1,0,0,2,1,0,0,0,2,0,1,0,0,0,0,0,0,0,0,0,0.0,0.0,0.0,0.0,0.004753273659474021,0.0,0.0,0.009506547318948042,0.004753273659474021,0.0,0.0,0.0,0.009506547318948042,0.0,0.004753273659474021,0.0,0.0,0.0,0.0,0.0,0.0,0.0,0.0,0.0
26,LPPKFLR,0.004753273659474021,0,0,0,0,1,0,0,0,1,2,0,0,2,0,1,0,0,0,0,0,0,0,0,0,0.0,0.0,0.0,0.0,0.004753273659474021,0.0,0.0,0.0,0.004753273659474021,0.009506547318948042,0.0,0.0,0.009506547318948042,0.0,0.004753273659474021,0.0,0.0,0.0,0.0,0.0,0.0,0.0,0.0,0.0
27,SCL,0.7995816931053197,3,2,0,1,0,1,0,0,0,1,0,0,0,0,0,1,1,0,0,0,2,0,0,0,2.398745079315959,1.5991633862106394,0.0,0.7995816931053197,0.0,0.7995816931053197,0.0,0.0,0.0,0.7995816931053197,0.0,0.0,0.0,0.0,0.0,0.7995816931053197,0.7995816931053197,0.0,0.0,0.0,1.5991633862106394,0.0,0.0,0.0
28,VATVSLPR,42.420203879608266,1,0,0,0,0,0,0,0,0,1,0,0,1,0,1,1,1,2,0,0,0,0,0,0,42.420203879608266,0.0,0.0,0.0,0.0,0.0,0.0,0.0,0.0,42.420203879608266,0.0,0.0,42.420203879608266,0.0,42.420203879608266,42.420203879608266,42.420203879608266,84.84040775921653,0.0,0.0,0.0,0.0,0.0,0.0
29,REQFSSR,3.31623743684234,0,0,0,1,1,0,0,0,0,0,0,0,0,1,2,2,0,0,0,0,0,0,0,0,0.0,0.0,0.0,3.31623743684234,3.31623743684234,0.0,0.0,0.0,0.0,0.0,0.0,0.0,0.0,3.31623743684234,6.63247487368468,6.63247487368468,0.0,0.0,0.0,0.0,0.0,0.0,0.0,0.0
30,LPPIFQK,0.34267786847370846,0,0,0,0,1,0,0,1,1,1,0,0,2,1,0,0,0,0,0,0,0,0,0,0,0.0,0.0,0.0,0.0,0.34267786847370846,0.0,0.0,0.34267786847370846,0.34267786847370846,0.34267786847370846,0.0,0.0,0.6853557369474169,0.34267786847370846,0.0,0.0,0.0,0.0,0.0,0.0,0.0,0.0,0.0,0.0
31,LSSPATARNR,0.747258835768474,2,0,0,0,0,0,0,0,0,1,0,1,1,0,2,2,1,0,0,0,0,0,1,0,1.494517671536948,0.0,0.0,0.0,0.0,0.0,0.0,0.0,0.0,0.747258835768474,0.0,0.747258835768474,0.747258835768474,0.0,1.494517671536948,1.494517671536948,0.747258835768474,0.0,0.0,0.0,0.0,0.0,0.747258835768474,0.0
32,NPALIVK,0.03031988513684425,1,0,0,0,0,0,0,1,1,1,0,1,1,0,0,0,0,1,0,0,0,0,0,0,0.03031988513684425,0.0,0.0,0.0,0.0,0.0,0.0,0.03031988513684425,0.03031988513684425,0.03031988513684425,0.0,0.03031988513684425,0.03031988513684425,0.0,0.0,0.0,0.0,0.03031988513684425,0.0,0.0,0.0,0.0,0.0,0.0
33,NPAILVK,0.03031988513684425,1,0,0,0,0,0,0,1,1,1,0,1,1,0,0,0,0,1,0,0,0,0,0,0,0.03031988513684425,0.0,0.0,0.0,0.0,0.0,0.0,0.03031988513684425,0.03031988513684425,0.03031988513684425,0.0,0.03031988513684425,0.03031988513684425,0.0,0.0,0.0,0.0,0.03031988513684425,0.0,0.0,0.0,0.0,0.0,0.0
34,VVTVTVPR,30.813372850660077,0,0,0,0,0,0,0,0,0,0,0,0,1,0,1,0,2,4,0,0,0,0,0,0,0.0,0.0,0.0,0.0,0.0,0.0,0.0,0.0,0.0,0.0,0.0,0.0,30.813372850660077,0.0,30.813372850660077,0.0,61.626745701320154,123.25349140264031,0.0,0.0,0.0,0.0,0.0,0.0
35,LGEHNIDVLEGNEQFINA,0.03279390354210758,1,0,1,3,1,2,1,2,0,2,0,3,0,1,0,0,0,1,0,0,0,0,0,0,0.03279390354210758,0.0,0.03279390354210758,0.09838171062632274,0.03279390354210758,0.06558780708421516,0.03279390354210758,0.06558780708421516,0.0,0.06558780708421516,0.0,0.09838171062632274,0.0,0.03279390354210758,0.0,0.0,0.0,0.03279390354210758,0.0,0.0,0.0,0.0,0.0,0.0
36,IVGGYTCGANTVPYQVSLNSG,0.5737617152631985,1,1,0,0,0,4,0,1,0,1,0,2,1,1,0,2,2,3,0,2,1,0,0,0,0.5737617152631985,0.5737617152631985,0.0,0.0,0.0,2.295046861052794,0.0,0.5737617152631985,0.0,0.5737617152631985,0.0,1.147523430526397,0.5737617152631985,0.5737617152631985,0.0,1.147523430526397,1.147523430526397,1.7212851457895955,0.0,1.147523430526397,0.5737617152631985,0.0,0.0,0.0
37,AVTELGPDK,0.041882850591231036,1,0,1,1,0,1,0,0,1,1,0,0,1,0,0,0,1,1,0,0,0,0,0,0,0.041882850591231036,0.0,0.041882850591231036,0.041882850591231036,0.0,0.041882850591231036,0.0,0.0,0.041882850591231036,0.041882850591231036,0.0,0.0,0.041882850591231036,0.0,0.0,0.0,0.041882850591231036,0.041882850591231036,0.0,0.0,0.0,0.0,0.0,0.0
38,GPEPAGVTSAR,0.0,2,0,0,1,0,2,0,0,0,0,0,0,2,0,1,1,1,1,0,0,0,0,0,0,0.0,0.0,0.0,0.0,0.0,0.0,0.0,0.0,0.0,0.0,0.0,0.0,0.0,0.0,0.0,0.0,0.0,0.0,0.0,0.0,0.0,0.0,0.0,0.0
39,IENVIADR,0.22384602698685796,1,0,1,1,0,0,0,2,0,0,0,1,0,0,1,0,0,1,0,0,0,0,0,0,0.22384602698685796,0.0,0.22384602698685796,0.22384602698685796,0.0,0.0,0.0,0.4476920539737159,0.0,0.0,0.0,0.22384602698685796,0.0,0.0,0.22384602698685796,0.0,0.0,0.22384602698685796,0.0,0.0,0.0,0.0,0.0,0.0
40,LKNPAEIIPKASDFN,0.00199711187863172,2,0,1,1,1,0,0,2,2,1,0,2,2,0,0,1,0,0,0,0,0,0,0,0,0.00399422375726344,0.0,0.00199711187863172,0.00199711187863172,0.00199711187863172,0.0,0.0,0.00399422375726344,0.00399422375726344,0.00199711187863172,0.0,0.00399422375726344,0.00399422375726344,0.0,0.0,0.00199711187863172,0.0,0.0,0.0,0.0,0.0,0.0,0.0,0.0
41,NGKLLDVTSDPSK,0.0034607913763970064,0,0,2,0,0,1,0,0,2,2,0,1,1,0,0,2,1,1,0,0,0,0,0,0,0.0,0.0,0.006921582752794013,0.0,0.0,0.0034607913763970064,0.0,0.0,0.006921582752794013,0.006921582752794013,0.0,0.0034607913763970064,0.0034607913763970064,0.0,0.0,0.006921582752794013,0.0034607913763970064,0.0034607913763970064,0.0,0.0,0.0,0.0,0.0,0.0
42,ASTSHIPSLDTGAGVAA,0.046947518223532735,4,0,1,0,0,2,1,1,0,1,0,0,1,0,0,3,2,1,0,0,0,0,0,0,0.18779007289413094,0.0,0.046947518223532735,0.0,0.0,0.09389503644706547,0.046947518223532735,0.046947518223532735,0.0,0.046947518223532735,0.0,0.0,0.046947518223532735,0.0,0.0,0.1408425546705982,0.09389503644706547,0.046947518223532735,0.0,0.0,0.0,0.0,0.0,0.0
43,LGEHNIDV,0.07447716576908422,0,0,1,1,0,1,1,1,0,1,0,1,0,0,0,0,0,1,0,0,0,0,0,0,0.0,0.0,0.07447716576908422,0.07447716576908422,0.0,0.07447716576908422,0.07447716576908422,0.07447716576908422,0.0,0.07447716576908422,0.0,0.07447716576908422,0.0,0.0,0.0,0.0,0.0,0.07447716576908422,0.0,0.0,0.0,0.0,0.0,0.0
44,ASTSVKPGK,0.0,1,0,0,0,0,1,0,0,2,0,0,0,1,0,0,2,1,1,0,0,0,0,0,0,0.0,0.0,0.0,0.0,0.0,0.0,0.0,0.0,0.0,0.0,0.0,0.0,0.0,0.0,0.0,0.0,0.0,0.0,0.0,0.0,0.0,0.0,0.0,0.0
45,LATVSLPR,47.9472662743455,1,0,0,0,0,0,0,0,0,2,0,0,1,0,1,1,1,1,0,0,0,0,0,0,47.9472662743455,0.0,0.0,0.0,0.0,0.0,0.0,0.0,0.0,95.894532548691,0.0,0.0,47.9472662743455,0.0,47.9472662743455,47.9472662743455,47.9472662743455,47.9472662743455,0.0,0.0,0.0,0.0,0.0,0.0
46,VEIDPEIQKVKSR,0.02151302747490031,0,0,1,2,0,0,0,2,2,0,0,0,1,1,1,1,0,2,0,0,0,0,0,0,0.0,0.0,0.02151302747490031,0.04302605494980062,0.0,0.0,0.0,0.04302605494980062,0.04302605494980062,0.0,0.0,0.0,0.02151302747490031,0.02151302747490031,0.02151302747490031,0.02151302747490031,0.0,0.04302605494980062,0.0,0.0,0.0,0.0,0.0,0.0
47,MVEAVRAAGR,0.010247173679842831,3,0,0,1,0,1,0,0,0,0,1,0,0,0,2,0,0,2,0,0,0,0,0,0,0.030741521039528492,0.0,0.0,0.010247173679842831,0.0,0.010247173679842831,0.0,0.0,0.0,0.0,0.010247173679842831,0.0,0.0,0.0,0.020494347359685663,0.0,0.0,0.020494347359685663,0.0,0.0,0.0,0.0,0.0,0.0
48,SISISVAR,0.07240451737105776,1,0,0,0,0,0,0,2,0,0,0,0,0,0,1,3,0,1,0,0,0,0,0,0,0.07240451737105776,0.0,0.0,0.0,0.0,0.0,0.0,0.1448090347421155,0.0,0.0,0.0,0.0,0.0,0.0,0.07240451737105776,0.21721355211317328,0.0,0.07240451737105776,0.0,0.0,0.0,0.0,0.0,0.0
49,TAAEVGIVK,0.28740724452633615,2,0,0,1,0,1,0,1,1,0,0,0,0,0,0,0,1,2,0,0,0,0,0,0,0.5748144890526723,0.0,0.0,0.28740724452633615,0.0,0.28740724452633615,0.0,0.28740724452633615,0.28740724452633615,0.0,0.0,0.0,0.0,0.0,0.0,0.0,0.28740724452633615,0.5748144890526723,0.0,0.0,0.0,0.0,0.0,0.0
50,LATADLRPK,0.1252800809473773,2,0,1,0,0,0,0,0,1,2,0,0,1,0,1,0,1,0,0,0,0,0,0,0,0.2505601618947546,0.0,0.1252800809473773,0.0,0.0,0.0,0.0,0.0,0.1252800809473773,0.2505601618947546,0.0,0.0,0.1252800809473773,0.0,0.1252800809473773,0.0,0.1252800809473773,0.0,0.0,0.0,0.0,0.0,0.0,0.0
51,EADLVIGTVLIAG,0.044641657803646886,2,0,1,1,0,2,0,2,0,2,0,0,0,0,0,0,1,2,0,0,0,0,0,0,0.08928331560729377,0.0,0.044641657803646886,0.044641657803646886,0.0,0.08928331560729377,0.0,0.08928331560729377,0.0,0.08928331560729377,0.0,0.0,0.0,0.0,0.0,0.0,0.044641657803646886,0.08928331560729377,0.0,0.0,0.0,0.0,0.0,0.0
52,VAISAVPR,0.38413083643423773,2,0,0,0,0,0,0,1,0,0,0,0,1,0,1,1,0,2,0,0,0,0,0,0,0.7682616728684755,0.0,0.0,0.0,0.0,0.0,0.0,0.38413083643423773,0.0,0.0,0.0,0.0,0.38413083643423773,0.0,0.38413083643423773,0.38413083643423773,0.0,0.7682616728684755,0.0,0.0,0.0,0.0,0.0,0.0
53,LPQVEGTGGDVQ,0.03353084519473922,0,0,1,1,0,3,0,0,0,1,0,0,1,2,0,0,1,2,0,0,0,0,0,0,0.0,0.0,0.03353084519473922,0.03353084519473922,0.0,0.10059253558421766,0.0,0.0,0.0,0.03353084519473922,0.0,0.0,0.03353084519473922,0.06706169038947844,0.0,0.0,0.03353084519473922,0.06706169038947844,0.0,0.0,0.0,0.0,0.0,0.0
54,YIVKTK,0.0024687545363159644,0,0,0,0,0,0,0,1,2,0,0,0,0,0,0,0,1,1,0,1,0,0,0,0,0.0,0.0,0.0,0.0,0.0,0.0,0.0,0.0024687545363159644,0.004937509072631929,0.0,0.0,0.0,0.0,0.0,0.0,0.0,0.0024687545363159644,0.0024687545363159644,0.0,0.0024687545363159644,0.0,0.0,0.0,0.0
55,IVGGYTCGANTVPYQVSLNS,0.2724841760605456,1,1,0,0,0,3,0,1,0,1,0,2,1,1,0,2,2,3,0,2,1,0,0,0,0.2724841760605456,0.2724841760605456,0.0,0.0,0.0,0.8174525281816367,0.0,0.2724841760605456,0.0,0.2724841760605456,0.0,0.5449683521210912,0.2724841760605456,0.2724841760605456,0.0,0.5449683521210912,0.5449683521210912,0.8174525281816367,0.0,0.5449683521210912,0.2724841760605456,0.0,0.0,0.0
56,SRIQVR,0.8327440674737431,0,0,0,0,0,0,0,1,0,0,0,0,0,1,2,1,0,1,0,0,0,0,0,0,0.0,0.0,0.0,0.0,0.0,0.0,0.0,0.8327440674737431,0.0,0.0,0.0,0.0,0.0,0.8327440674737431,1.6654881349474862,0.8327440674737431,0.0,0.8327440674737431,0.0,0.0,0.0,0.0,0.0,0.0
57,IATIAPEGV,0.6914969173860138,2,0,0,1,0,1,0,2,0,0,0,0,1,0,0,0,1,1,0,0,0,0,0,0,1.3829938347720276,0.0,0.0,0.6914969173860138,0.0,0.6914969173860138,0.0,1.3829938347720276,0.0,0.0,0.0,0.0,0.6914969173860138,0.0,0.0,0.0,0.6914969173860138,0.6914969173860138,0.0,0.0,0.0,0.0,0.0,0.0
58,RPVSIPR,1.1938454772632425,0,0,0,0,0,0,0,1,0,0,0,0,2,0,2,1,0,1,0,0,0,0,0,0,0.0,0.0,0.0,0.0,0.0,0.0,0.0,1.1938454772632425,0.0,0.0,0.0,0.0,2.387690954526485,0.0,2.387690954526485,1.1938454772632425,0.0,1.1938454772632425,0.0,0.0,0.0,0.0,0.0,0.0
59,MHIHLL,0.06871980910789961,0,0,0,0,0,0,2,1,0,2,1,0,0,0,0,0,0,0,0,0,0,0,0,0,0.0,0.0,0.0,0.0,0.0,0.0,0.13743961821579923,0.06871980910789961,0.0,0.13743961821579923,0.06871980910789961,0.0,0.0,0.0,0.0,0.0,0.0,0.0,0.0,0.0,0.0,0.0,0.0,0.0
60,LPLVYLK,0.0,0,0,0,0,0,0,0,0,1,3,0,0,1,0,0,0,0,1,0,1,0,0,0,0,0.0,0.0,0.0,0.0,0.0,0.0,0.0,0.0,0.0,0.0,0.0,0.0,0.0,0.0,0.0,0.0,0.0,0.0,0.0,0.0,0.0,0.0,0.0,0.0
61,PVTVSLPR,0.021555543339475212,0,0,0,0,0,0,0,0,0,1,0,0,2,0,1,1,1,2,0,0,0,0,0,0,0.0,0.0,0.0,0.0,0.0,0.0,0.0,0.0,0.0,0.021555543339475212,0.0,0.0,0.043111086678950424,0.0,0.021555543339475212,0.021555543339475212,0.021555543339475212,0.043111086678950424,0.0,0.0,0.0,0.0,0.0,0.0
62,NVKPVVVTPR,0.0,0,0,0,0,0,0,0,0,1,0,0,1,2,0,1,0,1,4,0,0,0,0,0,0,0.0,0.0,0.0,0.0,0.0,0.0,0.0,0.0,0.0,0.0,0.0,0.0,0.0,0.0,0.0,0.0,0.0,0.0,0.0,0.0,0.0,0.0,0.0,0.0
63,GITVNAIAPG,0.4852760782579291,2,0,0,0,0,2,0,2,0,0,0,1,1,0,0,0,1,1,0,0,0,0,1,0,0.9705521565158582,0.0,0.0,0.0,0.0,0.9705521565158582,0.0,0.9705521565158582,0.0,0.0,0.0,0.4852760782579291,0.4852760782579291,0.0,0.0,0.0,0.4852760782579291,0.4852760782579291,0.0,0.0,0.0,0.0,0.4852760782579291,0.0
64,MNYSGCLLVVSHDR,0.0069009321900004895,0,1,1,0,0,1,1,0,0,2,1,1,0,0,1,2,0,2,0,1,1,0,0,0,0.0,0.0069009321900004895,0.0069009321900004895,0.0,0.0,0.0069009321900004895,0.0069009321900004895,0.0,0.0,0.013801864380000979,0.0069009321900004895,0.0069009321900004895,0.0,0.0,0.0069009321900004895,0.013801864380000979,0.0,0.013801864380000979,0.0,0.0069009321900004895,0.0069009321900004895,0.0,0.0,0.0
65,IPHFSIR,0.0,0,0,0,0,1,0,1,2,0,0,0,0,1,0,1,1,0,0,0,0,0,0,0,0,0.0,0.0,0.0,0.0,0.0,0.0,0.0,0.0,0.0,0.0,0.0,0.0,0.0,0.0,0.0,0.0,0.0,0.0,0.0,0.0,0.0,0.0,0.0,0.0
66,SRSGGGGGGGLGSGGSIRSSYSR,0.008218501473913625,0,0,0,0,0,10,0,1,0,1,0,0,0,0,3,7,0,0,0,1,0,0,0,0,0.0,0.0,0.0,0.0,0.0,0.08218501473913625,0.0,0.008218501473913625,0.0,0.008218501473913625,0.0,0.0,0.0,0.0,0.024655504421740873,0.05752951031739537,0.0,0.0,0.0,0.008218501473913625,0.0,0.0,0.0,0.0
67,SCAHLEPEKIYSR,0.0,1,1,0,2,0,0,1,1,1,1,0,0,1,0,1,2,0,0,0,1,1,0,0,0,0.0,0.0,0.0,0.0,0.0,0.0,0.0,0.0,0.0,0.0,0.0,0.0,0.0,0.0,0.0,0.0,0.0,0.0,0.0,0.0,0.0,0.0,0.0,0.0
68,IDLIDEAASSIR,0.0,2,0,2,1,0,0,0,3,0,1,0,0,0,0,1,2,0,0,0,0,0,0,0,0,0.0,0.0,0.0,0.0,0.0,0.0,0.0,0.0,0.0,0.0,0.0,0.0,0.0,0.0,0.0,0.0,0.0,0.0,0.0,0.0,0.0,0.0,0.0,0.0
69,LSGWGKDK,3.7031318044739465,0,0,1,0,0,2,0,0,2,1,0,0,0,0,0,1,0,0,1,0,0,0,0,0,0.0,0.0,3.7031318044739465,0.0,0.0,7.406263608947893,0.0,0.0,7.406263608947893,3.7031318044739465,0.0,0.0,0.0,0.0,0.0,3.7031318044739465,0.0,0.0,3.7031318044739465,0.0,0.0,0.0,0.0,0.0
70,VPLLPAR,0.0,1,0,0,0,0,0,0,0,0,2,0,0,2,0,1,0,0,1,0,0,0,0,0,0,0.0,0.0,0.0,0.0,0.0,0.0,0.0,0.0,0.0,0.0,0.0,0.0,0.0,0.0,0.0,0.0,0.0,0.0,0.0,0.0,0.0,0.0,0.0,0.0
71,VPILPAR,0.0,1,0,0,0,0,0,0,1,0,1,0,0,2,0,1,0,0,1,0,0,0,0,0,0,0.0,0.0,0.0,0.0,0.0,0.0,0.0,0.0,0.0,0.0,0.0,0.0,0.0,0.0,0.0,0.0,0.0,0.0,0.0,0.0,0.0,0.0,0.0,0.0
72,VPLIPAR,0.0,1,0,0,0,0,0,0,1,0,1,0,0,2,0,1,0,0,1,0,0,0,0,0,0,0.0,0.0,0.0,0.0,0.0,0.0,0.0,0.0,0.0,0.0,0.0,0.0,0.0,0.0,0.0,0.0,0.0,0.0,0.0,0.0,0.0,0.0,0.0,0.0
73,VIYTKK,0.0034452022260528757,0,0,0,0,0,0,0,1,2,0,0,0,0,0,0,0,1,1,0,1,0,0,0,0,0.0,0.0,0.0,0.0,0.0,0.0,0.0,0.0034452022260528757,0.006890404452105751,0.0,0.0,0.0,0.0,0.0,0.0,0.0,0.0034452022260528757,0.0034452022260528757,0.0,0.0034452022260528757,0.0,0.0,0.0,0.0
74,VLYTKK,0.0034452022260528757,0,0,0,0,0,0,0,0,2,1,0,0,0,0,0,0,1,1,0,1,0,0,0,0,0.0,0.0,0.0,0.0,0.0,0.0,0.0,0.0,0.006890404452105751,0.0034452022260528757,0.0,0.0,0.0,0.0,0.0,0.0,0.0034452022260528757,0.0034452022260528757,0.0,0.0034452022260528757,0.0,0.0,0.0,0.0
75,QQQGRGQSAGSSDRIGHWK,0.0027169875140445137,1,0,1,0,0,4,1,1,1,0,0,0,0,4,2,3,0,0,1,0,0,0,0,0,0.0027169875140445137,0.0,0.0027169875140445137,0.0,0.0,0.010867950056178055,0.0027169875140445137,0.0027169875140445137,0.0027169875140445137,0.0,0.0,0.0,0.0,0.010867950056178055,0.005433975028089027,0.00815096254213354,0.0,0.0,0.0027169875140445137,0.0,0.0,0.0,0.0,0.0
76,AVAEGIPR,0.7268087049079462,2,0,0,1,0,1,0,1,0,0,0,0,1,0,1,0,0,1,0,0,0,0,0,0,1.4536174098158925,0.0,0.0,0.7268087049079462,0.0,0.7268087049079462,0.0,0.7268087049079462,0.0,0.0,0.0,0.0,0.7268087049079462,0.0,0.7268087049079462,0.0,0.0,0.7268087049079462,0.0,0.0,0.0,0.0,0.0,0.0
77,QPQAVDLEEAVLG,0.05033878365668373,2,0,1,2,0,1,0,0,0,2,0,0,1,2,0,0,0,2,0,0,0,0,0,1,0.10067756731336747,0.0,0.05033878365668373,0.10067756731336747,0.0,0.05033878365668373,0.0,0.0,0.0,0.10067756731336747,0.0,0.0,0.05033878365668373,0.10067756731336747,0.0,0.0,0.0,0.10067756731336747,0.0,0.0,0.0,0.0,0.0,0.05033878365668373
78,RYLEHSKQIEDYYIDK,0.0,0,0,2,2,0,0,1,2,2,1,0,0,0,1,1,1,0,0,0,3,0,0,0,0,0.0,0.0,0.0,0.0,0.0,0.0,0.0,0.0,0.0,0.0,0.0,0.0,0.0,0.0,0.0,0.0,0.0,0.0,0.0,0.0,0.0,0.0,0.0,0.0
79,HLGTVQDITRR,0.0,0,0,1,0,0,1,1,1,0,1,0,0,0,1,2,0,2,1,0,0,0,0,0,1,0.0,0.0,0.0,0.0,0.0,0.0,0.0,0.0,0.0,0.0,0.0,0.0,0.0,0.0,0.0,0.0,0.0,0.0,0.0,0.0,0.0,0.0,0.0,0.0
80,FTASTASK,0.002321366205789638,2,0,0,0,1,0,0,0,1,0,0,0,0,0,0,2,2,0,0,0,0,0,0,0,0.004642732411579276,0.0,0.0,0.0,0.002321366205789638,0.0,0.0,0.0,0.002321366205789638,0.0,0.0,0.0,0.0,0.0,0.0,0.004642732411579276,0.004642732411579276,0.0,0.0,0.0,0.0,0.0,0.0,0.0
81,LMEILNLK,0.0044078322598029435,0,0,0,1,0,0,0,1,1,3,1,1,0,0,0,0,0,0,0,0,0,0,0,0,0.0,0.0,0.0,0.0044078322598029435,0.0,0.0,0.0,0.0044078322598029435,0.0044078322598029435,0.01322349677940883,0.0044078322598029435,0.0044078322598029435,0.0,0.0,0.0,0.0,0.0,0.0,0.0,0.0,0.0,0.0,0.0,0.0
82,STMQELNSR,0.052691328163161626,0,0,0,1,0,0,0,0,0,1,1,1,0,1,1,2,1,0,0,0,0,1,0,0,0.0,0.0,0.0,0.052691328163161626,0.0,0.0,0.0,0.0,0.0,0.052691328163161626,0.052691328163161626,0.052691328163161626,0.0,0.052691328163161626,0.052691328163161626,0.10538265632632325,0.052691328163161626,0.0,0.0,0.0,0.0,0.052691328163161626,0.0,0.0
83,MGSIVVIPLSAK,0.0,1,1,0,0,0,2,0,3,1,2,1,0,1,0,0,2,0,2,0,0,1,1,0,0,0.0,0.0,0.0,0.0,0.0,0.0,0.0,0.0,0.0,0.0,0.0,0.0,0.0,0.0,0.0,0.0,0.0,0.0,0.0,0.0,0.0,0.0,0.0,0.0
84,LGEHNIDVLEGNEQ,0.013343907781579891,0,0,1,3,0,2,1,1,0,2,0,2,0,1,0,0,0,1,0,0,0,0,0,0,0.0,0.0,0.013343907781579891,0.04003172334473967,0.0,0.026687815563159783,0.013343907781579891,0.013343907781579891,0.0,0.026687815563159783,0.0,0.026687815563159783,0.0,0.013343907781579891,0.0,0.0,0.0,0.013343907781579891,0.0,0.0,0.0,0.0,0.0,0.0
85,ILRPVSK,0.018476180005264464,0,0,0,0,0,0,0,1,1,1,0,0,1,0,1,1,0,1,0,0,0,0,0,0,0.0,0.0,0.0,0.0,0.0,0.0,0.0,0.018476180005264464,0.018476180005264464,0.018476180005264464,0.0,0.0,0.018476180005264464,0.0,0.018476180005264464,0.018476180005264464,0.0,0.018476180005264464,0.0,0.0,0.0,0.0,0.0,0.0
86,LLRPVSK,0.018476180005264464,0,0,0,0,0,0,0,0,1,2,0,0,1,0,1,1,0,1,0,0,0,0,0,0,0.0,0.0,0.0,0.0,0.0,0.0,0.0,0.0,0.018476180005264464,0.03695236001052893,0.0,0.0,0.018476180005264464,0.0,0.018476180005264464,0.018476180005264464,0.0,0.018476180005264464,0.0,0.0,0.0,0.0,0.0,0.0
87,SSPAAVSWK,0.6264004047368864,2,0,0,0,0,0,0,0,1,0,0,0,1,0,0,3,0,1,1,0,0,0,0,0,1.2528008094737728,0.0,0.0,0.0,0.0,0.0,0.0,0.0,0.6264004047368864,0.0,0.0,0.0,0.6264004047368864,0.0,0.0,1.879201214210659,0.0,0.6264004047368864,0.6264004047368864,0.0,0.0,0.0,0.0,0.0
88,DCNTAM,0.021002837100001486,1,2,1,0,0,0,0,0,0,0,1,1,0,0,0,0,1,0,0,0,2,0,0,0,0.021002837100001486,0.04200567420000297,0.021002837100001486,0.0,0.0,0.0,0.0,0.0,0.0,0.0,0.021002837100001486,0.021002837100001486,0.0,0.0,0.0,0.0,0.021002837100001486,0.0,0.0,0.0,0.04200567420000297,0.0,0.0,0.0
89,MNLAAKMK,0.010943583541579722,3,1,0,0,0,0,0,2,2,1,3,2,0,0,1,0,0,2,0,0,1,2,1,0,0.03283075062473917,0.010943583541579722,0.0,0.0,0.0,0.0,0.0,0.021887167083159444,0.021887167083159444,0.010943583541579722,0.03283075062473917,0.021887167083159444,0.0,0.0,0.010943583541579722,0.0,0.0,0.021887167083159444,0.0,0.0,0.010943583541579722,0.021887167083159444,0.010943583541579722,0.0
90,ELASLNR,0.028109060178949357,1,0,0,1,0,0,0,0,0,2,0,1,0,0,1,1,0,0,0,0,0,0,0,0,0.028109060178949357,0.0,0.0,0.028109060178949357,0.0,0.0,0.0,0.0,0.0,0.056218120357898714,0.0,0.028109060178949357,0.0,0.0,0.028109060178949357,0.028109060178949357,0.0,0.0,0.0,0.0,0.0,0.0,0.0,0.0
91,FGIAISSLLEK,0.006049621021148754,1,0,0,1,1,1,0,2,1,2,0,0,0,0,0,2,0,0,0,0,0,0,0,0,0.006049621021148754,0.0,0.0,0.006049621021148754,0.006049621021148754,0.006049621021148754,0.0,0.012099242042297507,0.006049621021148754,0.012099242042297507,0.0,0.0,0.0,0.0,0.0,0.012099242042297507,0.0,0.0,0.0,0.0,0.0,0.0,0.0,0.0
92,ANLEAVIK,0.0,2,0,0,1,0,0,0,1,1,1,0,1,0,0,0,0,0,1,0,0,0,0,1,0,0.0,0.0,0.0,0.0,0.0,0.0,0.0,0.0,0.0,0.0,0.0,0.0,0.0,0.0,0.0,0.0,0.0,0.0,0.0,0.0,0.0,0.0,0.0,0.0
93,ETDEITSSIQSFSEVALARK,0.00026585170118686096,2,0,1,3,1,0,0,2,1,1,0,0,0,1,1,4,2,1,0,0,0,0,0,0,0.0005317034023737219,0.0,0.00026585170118686096,0.0007975551035605829,0.00026585170118686096,0.0,0.0,0.0005317034023737219,0.00026585170118686096,0.00026585170118686096,0.0,0.0,0.0,0.00026585170118686096,0.00026585170118686096,0.0010634068047474438,0.0005317034023737219,0.00026585170118686096,0.0,0.0,0.0,0.0,0.0,0.0
94,GNQSDSIKMVVSFIK,0.020486977943159346,0,0,1,0,1,1,0,2,2,0,1,2,0,2,0,3,0,2,0,0,0,1,0,1,0.0,0.0,0.020486977943159346,0.0,0.020486977943159346,0.020486977943159346,0.0,0.04097395588631869,0.04097395588631869,0.0,0.020486977943159346,0.04097395588631869,0.0,0.04097395588631869,0.0,0.06146093382947804,0.0,0.04097395588631869,0.0,0.0,0.0,0.020486977943159346,0.0,0.020486977943159346
95,VTNEALAEPDIRQK,0.007335201378158414,2,0,1,2,0,0,0,1,1,1,0,1,1,1,1,0,1,1,0,0,0,0,1,0,0.014670402756316828,0.0,0.007335201378158414,0.014670402756316828,0.0,0.0,0.0,0.007335201378158414,0.007335201378158414,0.007335201378158414,0.0,0.007335201378158414,0.007335201378158414,0.007335201378158414,0.007335201378158414,0.0,0.007335201378158414,0.007335201378158414,0.0,0.0,0.0,0.0,0.007335201378158414,0.0
96,AAHKGFGK,0.0,2,0,0,0,1,2,1,0,2,0,0,0,0,0,0,0,0,0,0,0,0,0,0,0,0.0,0.0,0.0,0.0,0.0,0.0,0.0,0.0,0.0,0.0,0.0,0.0,0.0,0.0,0.0,0.0,0.0,0.0,0.0,0.0,0.0,0.0,0.0,0.0
97,AVLTMTLSVAR,0.029243184670337,2,0,0,0,0,0,0,0,0,2,1,0,0,0,1,1,2,2,0,0,0,0,0,0,0.058486369340674,0.0,0.0,0.0,0.0,0.0,0.0,0.0,0.0,0.058486369340674,0.029243184670337,0.0,0.0,0.0,0.029243184670337,0.029243184670337,0.058486369340674,0.058486369340674,0.0,0.0,0.0,0.0,0.0,0.0
98,TTITCIATVIAIR,0.0,2,1,0,0,0,0,0,4,0,0,0,0,0,0,1,0,4,1,0,0,1,0,0,0,0.0,0.0,0.0,0.0,0.0,0.0,0.0,0.0,0.0,0.0,0.0,0.0,0.0,0.0,0.0,0.0,0.0,0.0,0.0,0.0,0.0,0.0,0.0,0.0
99,AESLEALNVL,0.8600109086211135,2,0,0,2,0,0,0,0,0,3,0,1,0,0,0,1,0,1,0,0,0,0,1,0,1.720021817242227,0.0,0.0,1.720021817242227,0.0,0.0,0.0,0.0,0.0,2.5800327258633406,0.0,0.8600109086211135,0.0,0.0,0.0,0.8600109086211135,0.0,0.8600109086211135,0.0,0.0,0.0,0.0,0.8600109086211135,0.0
100,TDIVAVLK,0.012435890388158776,1,0,1,0,0,0,0,1,1,1,0,0,0,0,0,0,1,2,0,0,0,0,0,0,0.012435890388158776,0.0,0.012435890388158776,0.0,0.0,0.0,0.0,0.012435890388158776,0.012435890388158776,0.012435890388158776,0.0,0.0,0.0,0.0,0.0,0.0,0.012435890388158776,0.02487178077631755,0.0,0.0,0.0,0.0,0.0,0.0
101,QGCGLVGGGAR,0.007124885887033997,1,1,0,0,0,5,0,0,0,1,0,0,0,1,1,0,0,1,0,0,1,0,0,0,0.007124885887033997,0.007124885887033997,0.0,0.0,0.0,0.03562442943516998,0.0,0.0,0.0,0.007124885887033997,0.0,0.0,0.0,0.007124885887033997,0.007124885887033997,0.0,0.0,0.007124885887033997,0.0,0.0,0.007124885887033997,0.0,0.0,0.0
102,VVIPAMRL,0.0012919508347698284,1,0,0,0,0,0,0,1,0,1,1,0,1,0,1,0,0,2,0,0,0,0,0,0,0.0012919508347698284,0.0,0.0,0.0,0.0,0.0,0.0,0.0012919508347698284,0.0,0.0012919508347698284,0.0012919508347698284,0.0,0.0012919508347698284,0.0,0.0012919508347698284,0.0,0.0,0.0025839016695396568,0.0,0.0,0.0,0.0,0.0,0.0
103,AAEKGKPGR,0.43602381114038175,2,0,0,1,0,2,0,0,2,0,0,0,1,0,1,0,0,0,0,0,0,0,0,0,0.8720476222807635,0.0,0.0,0.43602381114038175,0.0,0.8720476222807635,0.0,0.0,0.8720476222807635,0.0,0.0,0.0,0.43602381114038175,0.0,0.43602381114038175,0.0,0.0,0.0,0.0,0.0,0.0,0.0,0.0,0.0
104,YLQIAPPR,0.023904544857238533,1,0,0,0,0,0,0,1,0,1,0,0,2,1,1,0,0,0,0,1,0,0,0,0,0.023904544857238533,0.0,0.0,0.0,0.0,0.0,0.0,0.023904544857238533,0.0,0.023904544857238533,0.0,0.0,0.04780908971447707,0.023904544857238533,0.023904544857238533,0.0,0.0,0.0,0.0,0.023904544857238533,0.0,0.0,0.0,0.0
105,RLHDEHGGR,0.13879067791229052,0,0,1,1,0,2,2,0,0,1,0,0,0,0,2,0,0,0,0,0,0,0,0,0,0.0,0.0,0.13879067791229052,0.13879067791229052,0.0,0.27758135582458104,0.27758135582458104,0.0,0.0,0.13879067791229052,0.0,0.0,0.0,0.0,0.27758135582458104,0.0,0.0,0.0,0.0,0.0,0.0,0.0,0.0,0.0
106,LGLGLEASIK,0.013375490995264106,1,0,0,1,0,2,0,1,1,3,0,0,0,0,0,1,0,0,0,0,0,0,0,0,0.013375490995264106,0.0,0.0,0.013375490995264106,0.0,0.02675098199052821,0.0,0.013375490995264106,0.013375490995264106,0.04012647298579232,0.0,0.0,0.0,0.0,0.0,0.013375490995264106,0.0,0.0,0.0,0.0,0.0,0.0,0.0,0.0
107,SCTK,0.02056067210842251,3,2,0,1,0,3,0,1,1,1,0,1,0,0,0,2,2,0,1,0,2,0,1,0,0.06168201632526753,0.04112134421684502,0.0,0.02056067210842251,0.0,0.06168201632526753,0.0,0.02056067210842251,0.02056067210842251,0.02056067210842251,0.0,0.02056067210842251,0.0,0.0,0.0,0.04112134421684502,0.04112134421684502,0.0,0.02056067210842251,0.0,0.04112134421684502,0.0,0.02056067210842251,0.0
108,MARPLLK,0.0,1,0,0,0,0,0,0,0,1,2,1,0,1,0,1,0,0,0,0,0,0,0,0,0,0.0,0.0,0.0,0.0,0.0,0.0,0.0,0.0,0.0,0.0,0.0,0.0,0.0,0.0,0.0,0.0,0.0,0.0,0.0,0.0,0.0,0.0,0.0,0.0
109,DVGQWLGGASR,0.049643069509094424,1,0,1,0,0,3,0,0,0,1,0,0,0,1,1,1,0,1,1,0,0,0,0,1,0.049643069509094424,0.0,0.049643069509094424,0.0,0.0,0.14892920852728328,0.0,0.0,0.0,0.049643069509094424,0.0,0.0,0.0,0.049643069509094424,0.049643069509094424,0.049643069509094424,0.0,0.049643069509094424,0.049643069509094424,0.0,0.0,0.0,0.0,0.049643069509094424
110,SSQGGFGRSSR,0.5647652846986045,0,0,0,0,1,3,0,0,0,0,0,0,0,1,2,4,0,0,0,0,0,0,0,0,0.0,0.0,0.0,0.0,0.5647652846986045,1.6942958540958135,0.0,0.0,0.0,0.0,0.0,0.0,0.0,0.5647652846986045,1.129530569397209,2.259061138794418,0.0,0.0,0.0,0.0,0.0,0.0,0.0,0.0
111,WVNPEYDA,0.0,1,0,1,1,0,0,0,0,0,0,0,1,1,0,0,0,0,1,1,1,0,0,0,0,0.0,0.0,0.0,0.0,0.0,0.0,0.0,0.0,0.0,0.0,0.0,0.0,0.0,0.0,0.0,0.0,0.0,0.0,0.0,0.0,0.0,0.0,0.0,0.0
112,VIETDNLIHK,0.013375490995264106,0,0,1,1,0,0,1,2,1,1,0,1,0,0,0,0,1,1,0,0,0,0,0,0,0.0,0.0,0.013375490995264106,0.013375490995264106,0.0,0.0,0.013375490995264106,0.02675098199052821,0.013375490995264106,0.013375490995264106,0.0,0.013375490995264106,0.0,0.0,0.0,0.0,0.013375490995264106,0.013375490995264106,0.0,0.0,0.0,0.0,0.0,0.0
113,ANQVAAVVK,0.0,3,0,0,0,0,0,0,0,1,0,0,1,0,1,0,0,0,3,0,0,0,0,0,0,0.0,0.0,0.0,0.0,0.0,0.0,0.0,0.0,0.0,0.0,0.0,0.0,0.0,0.0,0.0,0.0,0.0,0.0,0.0,0.0,0.0,0.0,0.0,0.0
114,TIYETK,0.03279390354210758,0,0,0,1,0,0,0,1,1,0,0,0,0,0,0,0,2,0,0,1,0,0,0,0,0.0,0.0,0.0,0.03279390354210758,0.0,0.0,0.0,0.03279390354210758,0.03279390354210758,0.0,0.0,0.0,0.0,0.0,0.0,0.0,0.06558780708421516,0.0,0.0,0.03279390354210758,0.0,0.0,0.0,0.0
115,AAGFAVTLER,0.0,3,0,0,1,1,1,0,0,0,1,0,0,0,0,1,0,1,1,0,0,0,0,0,0,0.0,0.0,0.0,0.0,0.0,0.0,0.0,0.0,0.0,0.0,0.0,0.0,0.0,0.0,0.0,0.0,0.0,0.0,0.0,0.0,0.0,0.0,0.0,0.0
116,AHKDMNSVEAIIVR,0.0,2,0,1,1,0,0,1,2,1,0,1,1,0,0,1,1,0,2,0,0,0,1,0,0,0.0,0.0,0.0,0.0,0.0,0.0,0.0,0.0,0.0,0.0,0.0,0.0,0.0,0.0,0.0,0.0,0.0,0.0,0.0,0.0,0.0,0.0,0.0,0.0
117,YYILAR,0.497435615526351,1,0,0,0,0,0,0,1,0,1,0,0,0,0,1,0,0,0,0,2,0,0,0,0,0.497435615526351,0.0,0.0,0.0,0.0,0.0,0.0,0.497435615526351,0.0,0.497435615526351,0.0,0.0,0.0,0.0,0.497435615526351,0.0,0.0,0.0,0.0,0.994871231052702,0.0,0.0,0.0,0.0
118,AMARPGDPLIDGVLR,0.0,2,0,2,0,0,2,0,1,0,2,1,0,2,0,2,0,0,1,0,0,0,0,0,0,0.0,0.0,0.0,0.0,0.0,0.0,0.0,0.0,0.0,0.0,0.0,0.0,0.0,0.0,0.0,0.0,0.0,0.0,0.0,0.0,0.0,0.0,0.0,0.0
119,PSATVSPLR,0.05883250860175856,1,0,0,0,0,0,0,0,0,1,0,0,2,0,1,2,1,1,0,0,0,0,0,0,0.05883250860175856,0.0,0.0,0.0,0.0,0.0,0.0,0.0,0.0,0.05883250860175856,0.0,0.0,0.11766501720351712,0.0,0.05883250860175856,0.11766501720351712,0.05883250860175856,0.05883250860175856,0.0,0.0,0.0,0.0,0.0,0.0
120,NSNLDAVLGNGSA,0.0,2,0,1,0,0,2,0,0,0,2,0,3,0,0,0,2,0,1,0,0,0,0,1,0,0.0,0.0,0.0,0.0,0.0,0.0,0.0,0.0,0.0,0.0,0.0,0.0,0.0,0.0,0.0,0.0,0.0,0.0,0.0,0.0,0.0,0.0,0.0,0.0
121,NEFNIIFI,0.0,0,0,0,1,2,0,0,3,0,0,0,2,0,0,0,0,0,0,0,0,0,0,0,0,0.0,0.0,0.0,0.0,0.0,0.0,0.0,0.0,0.0,0.0,0.0,0.0,0.0,0.0,0.0,0.0,0.0,0.0,0.0,0.0,0.0,0.0,0.0,0.0
122,NGTDMGIYM,0.027635311973686166,0,1,1,0,0,3,0,1,0,1,2,1,0,0,0,0,1,0,0,3,1,0,1,0,0.0,0.027635311973686166,0.027635311973686166,0.0,0.0,0.0829059359210585,0.0,0.027635311973686166,0.0,0.027635311973686166,0.05527062394737233,0.027635311973686166,0.0,0.0,0.0,0.0,0.027635311973686166,0.0,0.0,0.0829059359210585,0.027635311973686166,0.0,0.027635311973686166,0.0
123,VVEASLPR,0.00461509709960559,1,0,0,1,0,0,0,0,0,1,0,0,1,0,1,1,0,2,0,0,0,0,0,0,0.00461509709960559,0.0,0.0,0.00461509709960559,0.0,0.0,0.0,0.0,0.0,0.00461509709960559,0.0,0.0,0.00461509709960559,0.0,0.00461509709960559,0.00461509709960559,0.0,0.00923019419921118,0.0,0.0,0.0,0.0,0.0,0.0
124,NISTRIK,0.0018318263936843403,0,0,0,0,0,0,0,2,1,0,0,1,0,0,1,1,1,0,0,0,0,0,0,0,0.0,0.0,0.0,0.0,0.0,0.0,0.0,0.0036636527873686806,0.0018318263936843403,0.0,0.0,0.0018318263936843403,0.0,0.0,0.0018318263936843403,0.0018318263936843403,0.0018318263936843403,0.0,0.0,0.0,0.0,0.0,0.0,0.0
125,DLASLVR,0.0036794443942107864,1,0,1,0,0,0,0,0,0,2,0,0,0,0,1,1,0,1,0,0,0,0,0,0,0.0036794443942107864,0.0,0.0036794443942107864,0.0,0.0,0.0,0.0,0.0,0.0,0.007358888788421573,0.0,0.0,0.0,0.0,0.0036794443942107864,0.0036794443942107864,0.0,0.0036794443942107864,0.0,0.0,0.0,0.0,0.0,0.0
126,KSNTAR,0.03371508060789712,1,0,1,0,0,0,0,0,1,2,0,3,0,0,1,1,1,1,0,0,0,0,2,0,0.03371508060789712,0.0,0.03371508060789712,0.0,0.0,0.0,0.0,0.0,0.03371508060789712,0.06743016121579425,0.0,0.10114524182369136,0.0,0.0,0.03371508060789712,0.03371508060789712,0.03371508060789712,0.03371508060789712,0.0,0.0,0.0,0.0,0.06743016121579425,0.0
127,KNEDALKDLSVAIEK,0.007958969848421616,2,0,2,2,0,0,0,1,3,2,0,1,0,0,0,1,0,1,0,0,0,0,0,0,0.01591793969684323,0.0,0.01591793969684323,0.01591793969684323,0.0,0.0,0.0,0.007958969848421616,0.02387690954526485,0.01591793969684323,0.0,0.007958969848421616,0.0,0.0,0.0,0.007958969848421616,0.0,0.007958969848421616,0.0,0.0,0.0,0.0,0.0,0.0
