Protein Group,Protein ID,Protein Accession,Peptide,Unique,-10lgP,Mass,Length,ppm,m/z,z,RT,Area 568-TROCAS7-Baylique_50%_GF75com1,Fraction,Scan,Source File,#Spec,#Spec 568-TROCAS7-Baylique_50%_GF75com1,Start,End,PTM,AScore
1,2,gi|54036848,R.LPQVEGTGGDVQPSQDLVR.V,Y,88.02,1994.0068,19,-2.2,998.0085,2,56.21,3.18E6,11,14505,20200715_568_TROCAS7_Bay_50%_gf75com_1_01.raw,2,2,71,89,,
1,2,gi|54036848,R.VIGQNEAVDAVSNAIR.R,Y,79.26,1654.8638,16,1.2,828.4402,2,66.64,9.45E6,11,17316,20200715_568_TROCAS7_Bay_50%_gf75com_1_01.raw,3,3,570,585,,
1,2,gi|54036848,R.AIQQQIENPLAQQILSGELVPGK.V,Y,63.13,2473.3540,23,2.7,825.4608,3,88.45,5.57E4,11,22924,20200715_568_TROCAS7_Bay_50%_gf75com_1_01.raw,1,1,820,842,,
1,2,gi|54036848,K.AIDLIDEAASSIR.M,Y,56.23,1372.7197,13,0.9,458.5809,3,78.51,1.93E7,11,20498,20200715_568_TROCAS7_Bay_50%_gf75com_1_01.raw,10,10,390,402,,
1,2,gi|54036848,R.LPQVEGTGGDVQPSQ(+.98)DLVR.V,Y,55.91,1994.9908,19,1.8,998.5045,2,57.94,5.11E4,11,14962,20200715_568_TROCAS7_Bay_50%_gf75com_1_01.raw,1,1,71,89,Deamidation (NQ),Q15:Deamidation (NQ):12.33
1,2,gi|54036848,K.VTDAEIAEVLAR.W,Y,53.20,1285.6877,12,0.9,429.5703,3,71.28,5.68E5,11,18570,20200715_568_TROCAS7_Bay_50%_gf75com_1_01.raw,7,7,531,542,,
1,2,gi|54036848,I.GQNEAVDAVSNAIR.R,Y,48.23,1442.7113,14,3.2,722.3652,2,66.41,4.52E4,11,17232,20200715_568_TROCAS7_Bay_50%_gf75com_1_01.raw,1,1,572,585,,
1,2,gi|54036848,G.QNEAVDAVSNAIR.R,Y,32.39,1385.6898,13,3.4,693.8546,2,66.46,0,11,17260,20200715_568_TROCAS7_Bay_50%_gf75com_1_01.raw,1,1,573,585,,
1,2,gi|54036848,K.VTDAEIAEVL.A,Y,30.56,1058.5496,10,1.6,530.2829,2,75.30,0,11,19660,20200715_568_TROCAS7_Bay_50%_gf75com_1_01.raw,1,1,531,540,,
11,20302,KNOT_13862926_PROKKA_589975,R.NSANVIR.K,Y,31.65,772.4191,7,-8.5,387.2136,2,73.38,0,11,19164,20200715_568_TROCAS7_Bay_50%_gf75com_1_01.raw,1,1,57,63,,
11,20303,GROUPS_6917177_PROKKA_102039,G.NSANVLR.A,Y,31.65,772.4191,7,-8.5,387.2136,2,73.38,0,11,19164,20200715_568_TROCAS7_Bay_50%_gf75com_1_01.raw,1,1,19,25,,
11,20304,KNOT_3867071_PROKKA_267563,G.NSANVLR.A,Y,31.65,772.4191,7,-8.5,387.2136,2,73.38,0,11,19164,20200715_568_TROCAS7_Bay_50%_gf75com_1_01.raw,1,1,124,130,,
11,20305,KNOT_22164676_PROKKA_725307,D.NSANVLR.Q,Y,31.65,772.4191,7,-8.5,387.2136,2,73.38,0,11,19164,20200715_568_TROCAS7_Bay_50%_gf75com_1_01.raw,1,1,37,43,,
26,20306,KNOT_405062_PROKKA_26079,R.MVQVFYK.A,Y,29.94,913.4731,7,-3.5,457.7422,2,59.21,1.44E3,11,15289,20200715_568_TROCAS7_Bay_50%_gf75com_1_01.raw,1,1,103,109,,
10,20301,GROUPS_13156660_PROKKA_525241,L.MHMITKGTK.F,Y,29.59,1045.5413,9,-0.5,523.7776,2,68.02,0,11,17724,20200715_568_TROCAS7_Bay_50%_gf75com_1_01.raw,1,1,111,119,,
27,20307,KNOT_431340_PROKKA_27913,K.EYPDQK.Q,Y,28.84,778.3497,6,-9.2,390.1786,2,65.53,8.57E3,11,16999,20200715_568_TROCAS7_Bay_50%_gf75com_1_01.raw,1,1,28,33,,
27,20308,KNOT_11345508_PROKKA_531151,L.EYPDQK.V,Y,28.84,778.3497,6,-9.2,390.1786,2,65.53,8.57E3,11,16999,20200715_568_TROCAS7_Bay_50%_gf75com_1_01.raw,1,1,14,19,,
12,6331,KNOT_37698893_PROKKA_900043,R.MVLDISGFK.R,Y,27.30,1008.5314,9,-0.6,505.2727,2,60.02,2.34E4,11,15494,20200715_568_TROCAS7_Bay_50%_gf75com_1_01.raw,1,1,774,782,,
13,20320,KNOT_31150083_PROKKA_820592,R.ALNTTGVGPFAGPDAGSR.R,Y,24.99,1686.8325,18,12.4,844.4340,2,66.64,2.36E5,11,17317,20200715_568_TROCAS7_Bay_50%_gf75com_1_01.raw,1,1,487,504,,
28,20381,KNOT_11839083_PROKKA_546446,D.TFKLIRR.R,Y,24.85,932.5919,7,-2.8,467.3019,2,71.84,2.7E4,11,18729,20200715_568_TROCAS7_Bay_50%_gf75com_1_01.raw,1,1,42,48,,
28,20383,KNOT_8175299_PROKKA_436837,L.TFKLLRR.N,Y,24.85,932.5919,7,-2.8,467.3019,2,71.84,2.7E4,11,18729,20200715_568_TROCAS7_Bay_50%_gf75com_1_01.raw,1,1,92,98,,
28,20385,KNOT_365372_PROKKA_23574,G.TFKLLRR.A,Y,24.85,932.5919,7,-2.8,467.3019,2,71.84,2.7E4,11,18729,20200715_568_TROCAS7_Bay_50%_gf75com_1_01.raw,1,1,127,133,,
28,20386,KNOT_31714476_PROKKA_833716,L.TFKLLRR.N,Y,24.85,932.5919,7,-2.8,467.3019,2,71.84,2.7E4,11,18729,20200715_568_TROCAS7_Bay_50%_gf75com_1_01.raw,1,1,131,137,,
28,20387,KNOT_9169381_PROKKA_470287,R.TFKLLRR.L,Y,24.85,932.5919,7,-2.8,467.3019,2,71.84,2.7E4,11,18729,20200715_568_TROCAS7_Bay_50%_gf75com_1_01.raw,1,1,102,108,,
28,20388,KNOT_30852196_PROKKA_813738,L.TFKLLRR.N,Y,24.85,932.5919,7,-2.8,467.3019,2,71.84,2.7E4,11,18729,20200715_568_TROCAS7_Bay_50%_gf75com_1_01.raw,1,1,222,228,,
29,20391,GROUPS_14873043_PROKKA_635919,L.LSTTEMSTVLAR.G,Y,24.16,1307.6755,12,-4.0,436.8974,3,71.28,0,11,18571,20200715_568_TROCAS7_Bay_50%_gf75com_1_01.raw,1,1,127,138,,
30,20394,KNOT_2474790_PROKKA_169523,R.VVPEDVSVIGADASIK.K,Y,24.04,1597.8562,16,-8.1,533.6217,3,66.98,7.03E3,11,17412,20200715_568_TROCAS7_Bay_50%_gf75com_1_01.raw,1,1,93,108,,
2,20406,KNOT_35104983_PROKKA_888339,K.IHIMHL.I,Y,23.96,762.4211,6,3.6,382.2192,2,72.49,5.3E5,11,18899,20200715_568_TROCAS7_Bay_50%_gf75com_1_01.raw,10,10,97,102,,
31,20396,KNOT_22613510_PROKKA_735468,R.IPIVSARQLSK.G,Y,23.83,1210.7397,11,-4.3,606.3746,2,72.50,9.29E2,11,18906,20200715_568_TROCAS7_Bay_50%_gf75com_1_01.raw,1,1,75,85,,
32,20402,GROUPS_13627541_PROKKA_548454,K.VAVLPLMK.K,Y,23.72,869.5408,8,-3.6,435.7761,2,59.19,8.14E2,11,15281,20200715_568_TROCAS7_Bay_50%_gf75com_1_01.raw,1,1,159,166,,
33,20408,KNOT_31451938_PROKKA_827410,R.EPGPM(+15.99)PPR.Y,Y,23.07,895.4222,8,-2.8,448.7171,2,62.97,5.78E3,11,16328,20200715_568_TROCAS7_Bay_50%_gf75com_1_01.raw,1,1,551,558,Oxidation (M),M5:Oxidation (M):1000.00
4,20407,KNOT_32602113_PROKKA_856633,R.IPGVVLVEAEMAK.N,Y,22.71,1354.7529,13,4.9,678.3871,2,76.64,0,11,20002,20200715_568_TROCAS7_Bay_50%_gf75com_1_01.raw,2,2,12,24,,
35,20409,GROUPS_12732023_PROKKA_487791,K.TSLNGVLLK.R,Y,22.56,943.5702,9,-11.5,472.7869,2,80.01,3.22E3,11,20868,20200715_568_TROCAS7_Bay_50%_gf75com_1_01.raw,1,1,262,270,,
34,12677,KNOT_17011806_PROKKA_645952,K.NGKLLDVTSDPSK.I,Y,22.55,1372.7197,13,2.6,687.3690,2,83.54,0,11,21718,20200715_568_TROCAS7_Bay_50%_gf75com_1_01.raw,1,1,17,29,,
21,20413,KNOT_33691969_PROKKA_876377,MKQETNLNVTNKLR.I,Y,22.24,1687.9039,14,3.1,563.6437,3,66.40,0,11,17226,20200715_568_TROCAS7_Bay_50%_gf75com_1_01.raw,1,1,1,14,,
14,1888,KNOT_672905_PROKKA_43051,K.LGPVSLNTIGAISSAGGASKL.S,Y,21.83,1912.0629,21,-1.5,638.3606,3,57.48,0,11,14842,20200715_568_TROCAS7_Bay_50%_gf75com_1_01.raw,1,1,37,57,,
36,20417,KNOT_22010286_PROKKA_719047,K.RYDVIHYC(+57.02)VPNI.P,Y,21.71,1547.7555,12,11.0,516.9315,3,67.99,0,11,17708,20200715_568_TROCAS7_Bay_50%_gf75com_1_01.raw,1,1,318,329,Carbamidomethylation,C8:Carbamidomethylation:1000.00
38,20420,KNOT_8220035_PROKKA_438537,R.LVFGPGPGVLA.G,Y,21.60,1025.5909,11,7.5,513.8066,2,74.95,0,11,19577,20200715_568_TROCAS7_Bay_50%_gf75com_1_01.raw,1,1,89,99,,
41,199,GROUPS_9792544_PROKKA_241388,A.VTDAEIMFR.R,Y,20.59,1080.5273,9,5.4,541.2739,2,75.30,0,11,19661,20200715_568_TROCAS7_Bay_50%_gf75com_1_01.raw,1,1,4,12,,
45,20428,KNOT_18830810_PROKKA_669568,R.EN(+.98)EFIR.T,Y,20.11,807.3762,6,-2.1,404.6945,2,97.88,9.93E3,11,25220,20200715_568_TROCAS7_Bay_50%_gf75com_1_01.raw,1,1,16,21,Deamidation (NQ),N2:Deamidation (NQ):1000.00
45,20429,KNOT_8775776_PROKKA_459119,L.EN(+.98)EFLR.A,Y,20.11,807.3762,6,-2.1,404.6945,2,97.88,9.93E3,11,25220,20200715_568_TROCAS7_Bay_50%_gf75com_1_01.raw,1,1,83,88,Deamidation (NQ),N2:Deamidation (NQ):1000.00
45,20431,KNOT_2933576_PROKKA_202523,V.EN(+.98)EFIR.Y,Y,20.11,807.3762,6,-2.1,404.6945,2,97.88,9.93E3,11,25220,20200715_568_TROCAS7_Bay_50%_gf75com_1_01.raw,1,1,58,63,Deamidation (NQ),N2:Deamidation (NQ):1000.00
45,20432,KNOT_10741144_PROKKA_513178,I.EN(+.98)EFIR.Y,Y,20.11,807.3762,6,-2.1,404.6945,2,97.88,9.93E3,11,25220,20200715_568_TROCAS7_Bay_50%_gf75com_1_01.raw,1,1,64,69,Deamidation (NQ),N2:Deamidation (NQ):1000.00
45,20434,KNOT_19649039_PROKKA_680161,I.EN(+.98)EFIR.Y,Y,20.11,807.3762,6,-2.1,404.6945,2,97.88,9.93E3,11,25220,20200715_568_TROCAS7_Bay_50%_gf75com_1_01.raw,1,1,109,114,Deamidation (NQ),N2:Deamidation (NQ):1000.00
45,20435,KNOT_12326829_PROKKA_560511,I.EN(+.98)EFIR.E,Y,20.11,807.3762,6,-2.1,404.6945,2,97.88,9.93E3,11,25220,20200715_568_TROCAS7_Bay_50%_gf75com_1_01.raw,1,1,24,29,Deamidation (NQ),N2:Deamidation (NQ):1000.00
45,20436,KNOT_3984493_PROKKA_274916,Q.EN(+.98)EFLR.M,Y,20.11,807.3762,6,-2.1,404.6945,2,97.88,9.93E3,11,25220,20200715_568_TROCAS7_Bay_50%_gf75com_1_01.raw,1,1,71,76,Deamidation (NQ),N2:Deamidation (NQ):1000.00
45,20451,KNOT_4334017_PROKKA_295688,K.EN(+.98)EFLR.D,Y,20.11,807.3762,6,-2.1,404.6945,2,97.88,9.93E3,11,25220,20200715_568_TROCAS7_Bay_50%_gf75com_1_01.raw,1,1,265,270,Deamidation (NQ),N2:Deamidation (NQ):1000.00
