,Peptide,ALC,length,m/z,z,RT,Area,Mass,ppm,A,C,D,E,F,G,H,I,K,L,M,N,P,Q,R,S,T,V,W,Y,c-carb,m-oxid,n-deam,q-deam,stripped_peptide,stripped_length,ptm-total,NAAF_num.
0,LSSPATLNSR,98,10,523.2867,2,37.43,63800000.0,1044.5564,2.3,1,0,0,0,0,0,0,0,0,2,0,1,1,0,1,3,1,0,0,0,0,0,0,0,LSSPATLNSR,10,0,6380000.0
1,LPQVEGTGGN(+.98)VQPSKDLVR,98,19,998.0143,2,56.3,,1994.0432,-14.6,0,0,1,1,0,3,0,0,1,2,0,1,2,2,1,1,1,3,0,0,0,0,1,0,LPQVEGTGGNVQPSKDLVR,19,1,
2,VTN(+.98)AQ(+.98)LAEVLAR,96,12,643.8535,2,71.74,1420000.0,1285.6877,3.6,3,0,0,1,0,0,0,0,0,2,0,1,0,1,1,0,1,2,0,0,0,0,1,1,VTNLAEVLAR,10,2,142000.0
3,VTN(+.98)AQ(+.98)LAEVLAR,96,12,643.8522,2,71.24,,1285.6877,1.6,3,0,0,1,0,0,0,0,0,2,0,1,0,1,1,0,1,2,0,0,0,0,1,1,VTNLAEVLAR,10,2,
4,LSSPATLDSR,96,10,523.7785,2,39.74,219000.0,1045.5403,2.1,1,0,1,0,0,0,0,0,0,2,0,0,1,0,1,3,1,0,0,0,0,0,0,0,LSSPATLDSR,10,0,21900.0
5,LADLLN(+.98)EAASSLR,96,13,687.368,2,78.35,,1372.7197,1.3,3,0,1,1,0,0,0,0,0,4,0,1,0,0,1,2,0,0,0,0,0,0,1,0,LADLLNEAASSLR,13,1,
6,LVQ(+.98)GNEQFLNAAK,95,13,716.8759,2,53.44,137000.0,1431.7358,0.9,2,0,0,1,1,1,0,0,1,2,0,2,0,2,0,0,0,1,0,0,0,0,0,1,LVQGNEQFLNAAK,13,1,10538.461538461539
7,VVTVSLPR,95,8,435.7746,2,49.51,25800.0,869.5334,1.4,0,0,0,0,0,0,0,0,0,1,0,0,1,0,1,1,1,3,0,0,0,0,0,0,VVTVSLPR,8,0,3225.0
8,NNPVLLRGK,94,9,505.8052,2,52.06,78500.0,1009.6032,-7.3,0,0,0,0,0,1,0,0,1,2,0,2,1,0,1,0,0,1,0,0,0,0,0,0,NNPVLLRGK,9,0,8722.222222222223
9,VAQ(+.98)VSLPR,94,8,435.7563,2,50.34,75900.0,869.497,1.2,1,0,0,0,0,0,0,0,0,1,0,0,1,1,1,1,0,2,0,0,0,0,0,1,VAQVSLPR,8,1,9487.5
10,NNPVLLADAFYK,94,12,682.8616,2,53.27,82500.0,1363.7136,-3.6,2,0,1,0,1,0,0,0,1,2,0,2,1,0,0,0,0,1,0,1,0,0,0,0,NNPVLLADAFYK,12,0,6875.0
11,FAVVSLPR,94,8,444.7627,2,48.17,60100.0,887.5228,-13.6,1,0,0,0,1,0,0,0,0,1,0,0,1,0,1,1,0,2,0,0,0,0,0,0,FAVVSLPR,8,0,7512.5
12,VAEVSLPR,94,8,435.7567,2,49.8,237000.0,869.497,2.0,1,0,0,1,0,0,0,0,0,1,0,0,1,0,1,1,0,2,0,0,0,0,0,0,VAEVSLPR,8,0,29625.0
13,EVPVLLGEFYK,93,11,647.3635,2,54.61,74400.0,1292.7017,8.3,0,0,0,2,1,1,0,0,1,2,0,0,1,0,0,0,0,2,0,1,0,0,0,0,EVPVLLGEFYK,11,0,6763.636363636364
14,ALN(+.98)LLDEAASSLR,93,13,687.3668,2,77.84,375000.0,1372.7197,-0.6,3,0,1,1,0,0,0,0,0,4,0,1,0,0,1,2,0,0,0,0,0,0,1,0,ALNLLDEAASSLR,13,1,28846.153846153848
15,VEPVLLWYYK,93,10,655.3608,2,52.54,158000.0,1308.7117,-3.6,0,0,0,1,0,0,0,0,1,2,0,0,1,0,0,0,0,2,1,2,0,0,0,0,VEPVLLWYYK,10,0,15800.0
16,VATVSPLR,93,8,421.7593,2,46.36,5290.0,841.5021,2.2,1,0,0,0,0,0,0,0,0,1,0,0,1,0,1,1,1,2,0,0,0,0,0,0,VATVSPLR,8,0,661.25
17,KVN(+.98)GGTGEHGPK,93,12,591.2938,2,56.27,103000.0,1180.5835,-8.9,0,0,0,1,0,4,1,0,2,0,0,1,1,0,0,0,1,1,0,0,0,0,1,0,KVNGGTGEHGPK,12,1,8583.333333333334
18,VVTVSLPR,93,8,435.7742,2,50.36,160000.0,869.5334,0.5,0,0,0,0,0,0,0,0,0,1,0,0,1,0,1,1,1,3,0,0,0,0,0,0,VVTVSLPR,8,0,20000.0
19,ALN(+.98)LLDEAASSLR,93,13,687.3682,2,75.77,127000.0,1372.7197,1.6,3,0,1,1,0,0,0,0,0,4,0,1,0,0,1,2,0,0,0,0,0,0,1,0,ALNLLDEAASSLR,13,1,9769.23076923077
20,VEPVLLEFYK,93,10,618.853,2,52.9,713000.0,1235.6802,9.2,0,0,0,2,1,0,0,0,1,2,0,0,1,0,0,0,0,2,0,1,0,0,0,0,VEPVLLEFYK,10,0,71300.0
21,VTN(+.98)AQ(+.98)LAEVALR,93,12,643.8591,2,74.34,12400.0,1285.6877,12.4,3,0,0,1,0,0,0,0,0,2,0,1,0,1,1,0,1,2,0,0,0,0,1,1,VTNLAEVALR,10,2,1240.0
22,NNNPVLLWFYK,93,11,704.3843,2,53.27,194000.0,1406.7346,13.9,0,0,0,0,1,0,0,0,1,2,0,3,1,0,0,0,0,1,1,1,0,0,0,0,NNNPVLLWFYK,11,0,17636.363636363636
23,VVTVSLPR,92,8,435.7752,2,52.54,,869.5334,2.7,0,0,0,0,0,0,0,0,0,1,0,0,1,0,1,1,1,3,0,0,0,0,0,0,VVTVSLPR,8,0,
24,VATVSPLR,92,8,421.7593,2,47.37,,841.5021,2.3,1,0,0,0,0,0,0,0,0,1,0,0,1,0,1,1,1,2,0,0,0,0,0,0,VATVSPLR,8,0,
25,EVPVLLGEFYK,92,11,647.3639,2,53.06,5000000.0,1292.7017,9.0,0,0,0,2,1,1,0,0,1,2,0,0,1,0,0,0,0,2,0,1,0,0,0,0,EVPVLLGEFYK,11,0,454545.45454545453
26,LATVSLPR,92,8,428.7673,2,47.57,79000000.0,855.5178,2.8,1,0,0,0,0,0,0,0,0,2,0,0,1,0,1,1,1,1,0,0,0,0,0,0,LATVSLPR,8,0,9875000.0
27,GYGC(+57.02)AKR,92,7,406.1929,2,18.22,151000.0,810.3806,-11.6,1,1,0,0,0,2,0,0,1,0,0,0,0,0,1,0,0,0,0,1,1,0,0,0,GYGCAKR,7,1,21571.428571428572
28,AELAEVLAR,92,9,486.2805,2,56.52,537000.0,970.5447,1.8,3,0,0,2,0,0,0,0,0,2,0,0,0,0,1,0,0,1,0,0,0,0,0,0,AELAEVLAR,9,0,59666.666666666664
29,LATLSLPR,92,8,435.7745,2,48.0,2950000.0,869.5334,1.2,1,0,0,0,0,0,0,0,0,3,0,0,1,0,1,1,1,0,0,0,0,0,0,0,LATLSLPR,8,0,368750.0
30,DSGSSYPSLLKC(+57.02)LK,91,14,777.8981,2,72.6,38000.0,1553.7759,3.7,0,1,1,0,0,1,0,0,2,3,0,0,1,0,0,4,0,0,0,1,1,0,0,0,DSGSSYPSLLKCLK,14,1,2714.285714285714
31,EVPVLLGEEFYK,91,12,711.8854,2,54.05,,1421.7441,8.6,0,0,0,3,1,1,0,0,1,2,0,0,1,0,0,0,0,2,0,1,0,0,0,0,EVPVLLGEEFYK,12,0,
32,LSSPADLSNR,91,10,530.2752,2,37.57,861000.0,1058.5356,0.2,1,0,1,0,0,0,0,0,0,2,0,1,1,0,1,3,0,0,0,0,0,0,0,0,LSSPADLSNR,10,0,86100.0
33,VPTVSLPR,91,8,434.7672,2,61.44,61800.0,867.5178,2.4,0,0,0,0,0,0,0,0,0,1,0,0,2,0,1,1,1,2,0,0,0,0,0,0,VPTVSLPR,8,0,7725.0
34,VATVSLPR,90,8,421.7594,2,46.86,84700000.0,841.5021,2.4,1,0,0,0,0,0,0,0,0,1,0,0,1,0,1,1,1,2,0,0,0,0,0,0,VATVSLPR,8,0,10587500.0
35,LSSPATLNSR,90,10,523.2857,2,36.92,2250000.0,1044.5564,0.4,1,0,0,0,0,0,0,0,0,2,0,1,1,0,1,3,1,0,0,0,0,0,0,0,LSSPATLNSR,10,0,225000.0
36,QTPVLLWFYK,90,10,647.8548,2,56.52,131000.0,1293.7122,-13.2,0,0,0,0,1,0,0,0,1,2,0,0,1,1,0,0,1,1,1,1,0,0,0,0,QTPVLLWFYK,10,0,13100.0
37,TTTVSLPR,89,8,437.7535,2,46.58,2080000.0,873.492,0.6,0,0,0,0,0,0,0,0,0,1,0,0,1,0,1,1,3,1,0,0,0,0,0,0,TTTVSLPR,8,0,260000.0
38,GKMAELAEVAALR,89,13,679.874,2,71.02,,1357.7388,-3.9,4,0,0,2,0,1,0,0,1,2,1,0,0,0,1,0,0,1,0,0,0,0,0,0,GKMAELAEVAALR,13,0,
39,QAAAELAAVELR,89,12,621.3541,2,71.36,,1240.6775,13.0,5,0,0,2,0,0,0,0,0,2,0,0,0,1,1,0,0,1,0,0,0,0,0,0,QAAAELAAVELR,12,0,
40,LATVVDPR,89,8,435.7564,2,47.69,1030000.0,869.497,1.4,1,0,1,0,0,0,0,0,0,1,0,0,1,0,1,0,1,2,0,0,0,0,0,0,LATVVDPR,8,0,128750.0
41,LSSPATLNGDK,88,11,551.7933,2,38.09,87200.0,1101.5667,4.9,1,0,1,0,0,1,0,0,1,2,0,1,1,0,0,2,1,0,0,0,0,0,0,0,LSSPATLNGDK,11,0,7927.272727272727
42,ALDSYLEAASSLR,88,13,465.9122,3,78.54,72000.0,1394.7041,7.7,3,0,1,1,0,0,0,0,0,3,0,0,0,0,1,3,0,0,0,1,0,0,0,0,ALDSYLEAASSLR,13,0,5538.461538461538
43,MPPVLLGEPRK,88,11,618.8521,2,53.4,4750000.0,1235.7061,-13.3,0,0,0,1,0,1,0,0,1,2,1,0,3,0,1,0,0,1,0,0,0,0,0,0,MPPVLLGEPRK,11,0,431818.1818181818
44,VLGQNEAVN(+.98)AVSNALR,88,16,828.4415,2,69.39,,1654.8638,2.8,3,0,0,1,0,1,0,0,0,2,0,3,0,1,1,1,0,3,0,0,0,0,1,0,VLGQNEAVNAVSNALR,16,1,
45,LSDLLN(+.98)EAASSLR,88,13,695.3678,2,77.97,,1388.7146,4.6,2,0,1,1,0,0,0,0,0,4,0,1,0,0,1,3,0,0,0,0,0,0,1,0,LSDLLNEAASSLR,13,1,
46,LSSPATLSNR,88,10,523.2856,2,38.59,34700.0,1044.5564,0.3,1,0,0,0,0,0,0,0,0,2,0,1,1,0,1,3,1,0,0,0,0,0,0,0,LSSPATLSNR,10,0,3470.0
47,LSDPATLNSR,88,10,537.2839,2,40.15,451000.0,1072.5513,1.9,1,0,1,0,0,0,0,0,0,2,0,1,1,0,1,2,1,0,0,0,0,0,0,0,LSDPATLNSR,10,0,45100.0
48,MHFPHLYVPR,87,10,648.8458,2,70.07,9800.0,1295.6597,13.5,0,0,0,0,1,0,2,0,0,1,1,0,2,0,1,0,0,1,0,1,0,0,0,0,MHFPHLYVPR,10,0,980.0
49,LAPLLDEAARMR,87,12,678.3821,2,77.25,5700.0,1354.739,7.9,3,0,1,1,0,0,0,0,0,3,1,0,1,0,2,0,0,0,0,0,0,0,0,0,LAPLLDEAARMR,12,0,475.0
50,LSGPATLNSR,87,10,508.2829,2,37.31,33100.0,1014.5458,5.3,1,0,0,0,0,1,0,0,0,2,0,1,1,0,1,2,1,0,0,0,0,0,0,0,LSGPATLNSR,10,0,3310.0
51,NPVLLWPRK,87,9,561.8362,2,53.08,221000.0,1121.6709,-11.6,0,0,0,0,0,0,0,0,1,2,0,1,2,0,1,0,0,1,1,0,0,0,0,0,NPVLLWPRK,9,0,24555.555555555555
52,TTTVSLPR,87,8,437.7532,2,47.08,1110000.0,873.492,-0.2,0,0,0,0,0,0,0,0,0,1,0,0,1,0,1,1,3,1,0,0,0,0,0,0,TTTVSLPR,8,0,138750.0
53,MHFPHLYVPR,87,10,648.845,2,71.8,,1295.6597,12.2,0,0,0,0,1,0,2,0,0,1,1,0,2,0,1,0,0,1,0,1,0,0,0,0,MHFPHLYVPR,10,0,
54,MHFLHLYVPR,86,10,438.2326,3,70.07,558000.0,1311.6909,-11.5,0,0,0,0,1,0,2,0,0,2,1,0,1,0,1,0,0,1,0,1,0,0,0,0,MHFLHLYVPR,10,0,55800.0
55,MPPVLLTVFYK,86,11,654.38,2,53.09,,1306.7358,7.4,0,0,0,0,1,0,0,0,1,2,1,0,2,0,0,0,1,2,0,1,0,0,0,0,MPPVLLTVFYK,11,0,
56,NNPVLLTVM(+15.99)YK,86,11,654.3522,2,53.11,143000.0,1306.6956,-4.3,0,0,0,0,0,0,0,0,1,2,1,2,1,0,0,0,1,2,0,1,0,1,0,0,NNPVLLTVMYK,11,1,13000.0
57,EM(+15.99)HPRLK,86,7,463.7488,2,73.99,38500.0,925.4803,3.0,0,0,0,1,0,0,1,0,1,1,1,0,1,0,1,0,0,0,0,0,0,1,0,0,EMHPRLK,7,1,5500.0
58,NNPVLLLER,85,9,534.3154,2,50.68,,1066.6135,2.5,0,0,0,1,0,0,0,0,0,3,0,2,1,0,1,0,0,1,0,0,0,0,0,0,NNPVLLLER,9,0,
59,VVRDVPR,85,7,420.7509,2,49.08,183000.0,839.4977,-12.5,0,0,1,0,0,0,0,0,0,0,0,0,1,0,2,0,0,3,0,0,0,0,0,0,VVRDVPR,7,0,26142.85714285714
60,MTLPVPR,85,7,407.2397,2,48.57,432000.0,812.4578,8.8,0,0,0,0,0,0,0,0,0,1,1,0,2,0,1,0,1,1,0,0,0,0,0,0,MTLPVPR,7,0,61714.28571428572
61,VATVSLPR,85,8,421.7631,2,53.09,23300.0,841.5021,11.3,1,0,0,0,0,0,0,0,0,1,0,0,1,0,1,1,1,2,0,0,0,0,0,0,VATVSLPR,8,0,2912.5
62,VPGVSLPR,85,8,412.7531,2,46.55,657000.0,823.4916,0.2,0,0,0,0,0,1,0,0,0,1,0,0,2,0,1,1,0,2,0,0,0,0,0,0,VPGVSLPR,8,0,82125.0
63,TMLPVPR,85,7,407.2391,2,49.08,132000.0,812.4578,7.1,0,0,0,0,0,0,0,0,0,1,1,0,2,0,1,0,1,1,0,0,0,0,0,0,TMLPVPR,7,0,18857.14285714286
64,MHFPHLYVPR,85,10,432.9001,3,85.23,129000.0,1295.6597,14.6,0,0,0,0,1,0,2,0,0,1,1,0,2,0,1,0,0,1,0,1,0,0,0,0,MHFPHLYVPR,10,0,12900.0
65,VAEVVDPR,85,8,442.7465,2,50.2,154000.0,883.4763,2.4,1,0,1,1,0,0,0,0,0,0,0,0,1,0,1,0,0,3,0,0,0,0,0,0,VAEVVDPR,8,0,19250.0
66,EM(+15.99)HPRLK,84,7,463.7488,2,72.6,23500.0,925.4803,3.0,0,0,0,1,0,0,1,0,1,1,1,0,1,0,1,0,0,0,0,0,0,1,0,0,EMHPRLK,7,1,3357.1428571428573
67,C(+57.02)TTN(+.98)AELAVVKNK,84,13,724.8793,2,71.07,,1447.7341,6.9,2,1,0,1,0,0,0,0,2,1,0,2,0,0,0,0,2,2,0,0,1,0,1,0,CAELAVVKNK,10,2,
68,LATVSLPR,84,8,428.7668,2,48.07,,855.5178,1.6,1,0,0,0,0,0,0,0,0,2,0,0,1,0,1,1,1,1,0,0,0,0,0,0,LATVSLPR,8,0,
69,VVTVDVPR,84,8,442.7635,2,48.68,153000.0,883.5127,-0.2,0,0,1,0,0,0,0,0,0,0,0,0,1,0,1,0,1,4,0,0,0,0,0,0,VVTVDVPR,8,0,19125.0
70,LSSPADLNSR,84,10,530.2777,2,37.07,119000.0,1058.5356,4.9,1,0,1,0,0,0,0,0,0,2,0,1,1,0,1,3,0,0,0,0,0,0,0,0,LSSPADLNSR,10,0,11900.0
71,NDLLLLEFYK,84,10,634.3416,2,53.44,15900.0,1266.686,-13.7,0,0,1,1,1,0,0,0,1,4,0,1,0,0,0,0,0,0,0,1,0,0,0,0,NDLLLLEFYK,10,0,1590.0
72,VQEVLLWM(+15.99)YK,84,10,662.8544,2,53.12,284000.0,1323.6897,3.4,0,0,0,1,0,0,0,0,1,2,1,0,0,1,0,0,0,2,1,1,0,1,0,0,VQEVLLWMYK,10,1,28400.0
73,EM(+15.99)HPRLK,83,7,463.7517,2,75.49,43100.0,925.4803,9.2,0,0,0,1,0,0,1,0,1,1,1,0,1,0,1,0,0,0,0,0,0,1,0,0,EMHPRLK,7,1,6157.142857142857
74,LPQVEGTGTAVETFVYR,83,17,933.9855,2,57.94,,1865.9524,2.2,1,0,0,2,1,2,0,0,0,1,0,0,1,1,1,0,3,3,0,1,0,0,0,0,LPQVEGTGTAVETFVYR,17,0,
75,VPGVSLPR,83,8,412.7544,2,47.06,126000.0,823.4916,3.2,0,0,0,0,0,1,0,0,0,1,0,0,2,0,1,1,0,2,0,0,0,0,0,0,VPGVSLPR,8,0,15750.0
76,MHLMHLYVPR,82,10,432.9007,3,71.57,808000.0,1295.6631,13.2,0,0,0,0,0,0,2,0,0,2,2,0,1,0,1,0,0,1,0,1,0,0,0,0,MHLMHLYVPR,10,0,80800.0
77,SSPATLNDK,82,9,466.742,2,24.12,282000.0,931.4611,9.0,1,0,1,0,0,0,0,0,1,1,0,1,1,0,0,2,1,0,0,0,0,0,0,0,SSPATLNDK,9,0,31333.333333333332
78,LGDVLSPR,82,8,428.7486,2,47.01,3080000.0,855.4814,1.5,0,0,1,0,0,1,0,0,0,2,0,0,1,0,1,1,0,1,0,0,0,0,0,0,LGDVLSPR,8,0,385000.0
79,MHFPHLYVPR,82,10,432.9003,3,86.26,97800.0,1295.6597,14.9,0,0,0,0,1,0,2,0,0,1,1,0,2,0,1,0,0,1,0,1,0,0,0,0,MHFPHLYVPR,10,0,9780.0
80,TFC(+57.02)SFR,82,6,409.1843,2,58.93,254000.0,816.3588,-5.9,0,1,0,0,2,0,0,0,0,0,0,0,0,0,1,1,1,0,0,0,1,0,0,0,TFCSFR,6,1,42333.333333333336
81,MHFPHLTTGKK,82,11,432.9003,3,86.77,110000.0,1295.6809,-1.4,0,0,0,0,1,1,2,0,2,1,1,0,1,0,0,0,2,0,0,0,0,0,0,0,MHFPHLTTGKK,11,0,10000.0
82,EM(+15.99)HPRLK,81,7,463.7521,2,73.35,81000.0,925.4803,10.0,0,0,0,1,0,0,1,0,1,1,1,0,1,0,1,0,0,0,0,0,0,1,0,0,EMHPRLK,7,1,11571.42857142857
83,MHM(+15.99)PHLYVPR,81,10,432.8859,3,91.84,3600.0,1295.6267,7.1,0,0,0,0,0,0,2,0,0,1,2,0,2,0,1,0,0,1,0,1,0,1,0,0,MHMPHLYVPR,10,1,360.0
84,MVDLAAVYK,81,9,505.2714,2,60.3,38600.0,1008.5314,-3.1,2,0,1,0,0,0,0,0,1,1,1,0,0,0,0,0,0,2,0,1,0,0,0,0,MVDLAAVYK,9,0,4288.888888888889
85,QTPVLLWFYK,80,10,647.855,2,55.15,91300.0,1293.7122,-12.9,0,0,0,0,1,0,0,0,1,2,0,0,1,1,0,0,1,1,1,1,0,0,0,0,QTPVLLWFYK,10,0,9130.0
86,VLGKNEAVN(+.98)AVMNAPK,80,16,828.4394,2,66.29,,1654.8711,-4.1,3,0,0,1,0,1,0,0,2,1,1,3,1,0,0,0,0,3,0,0,0,0,1,0,VLGKNEAVNAVMNAPK,16,1,
87,LVSPATWQR,80,9,529.2867,2,39.6,8380.0,1056.5715,-12.0,1,0,0,0,0,0,0,0,0,1,0,0,1,1,1,1,1,1,1,0,0,0,0,0,LVSPATWQR,9,0,931.1111111111111
88,MHFPHLTASKK,80,11,432.9057,3,83.93,104000.0,1295.6809,11.2,1,0,0,0,1,0,2,0,2,1,1,0,1,0,0,1,1,0,0,0,0,0,0,0,MHFPHLTASKK,11,0,9454.545454545454
89,VLGQC(+57.02)QFDAVSNALR,80,15,559.957,3,66.57,1290000.0,1676.8303,11.2,2,1,1,0,1,1,0,0,0,2,0,1,0,2,1,1,0,2,0,0,1,0,0,0,VLGQCQFDAVSNALR,15,1,86000.0
