,Peptide,ALC,length,m/z,z,RT,Area,Mass,ppm,A,C,D,E,F,G,H,I,K,L,M,N,P,Q,R,S,T,V,W,Y,c-carb,m-oxid,n-deam,q-deam,stripped_peptide,stripped_length,ptm-total,NAAF_num.,NAAF factor
0,LSSPATLNSR,97,10,523.2855,2,46.32,22900000.0,1044.5564,0.0,1,0,0,0,0,0,0,0,0,2,0,1,1,0,1,3,1,0,0,0,0,0,0,0,LSSPATLNSR,10,0,2290000.0,9.479135126685255
1,LSSPATLNSR,97,10,523.2871,2,45.31,22900000.0,1044.5564,3.1,1,0,0,0,0,0,0,0,0,2,0,1,1,0,1,3,1,0,0,0,0,0,0,0,LSSPATLNSR,10,0,2290000.0,9.479135126685255
2,LSSPATLNSR,97,10,523.2861,2,45.81,22900000.0,1044.5564,1.3,1,0,0,0,0,0,0,0,0,2,0,1,1,0,1,3,1,0,0,0,0,0,0,0,LSSPATLNSR,10,0,2290000.0,9.479135126685255
3,LSSPATLDSR,97,10,523.7773,2,49.06,190000.0,1045.5403,-0.3,1,0,1,0,0,0,0,0,0,2,0,0,1,0,1,3,1,0,0,0,0,0,0,0,LSSPATLDSR,10,0,19000.0,0.0786478460292663
4,VVEVSLPR,96,8,449.7714,2,67.39,652000.0,897.5283,-0.1,0,0,0,1,0,0,0,0,0,1,0,0,1,0,1,1,0,3,0,0,0,0,0,0,VVEVSLPR,8,0,81500.0,0.33735786586237915
5,LN(+.98)SPATLNSR,96,10,537.283,2,49.06,828000.0,1072.5513,0.1,1,0,0,0,0,0,0,0,0,2,0,2,1,0,1,2,1,0,0,0,0,0,1,0,LNSPATLNSR,10,1,82800.0,0.3427390342749079
6,VVTVSLPR,94,8,435.7739,2,62.66,42200000.0,869.5334,-0.2,0,0,0,0,0,0,0,0,0,1,0,0,1,0,1,1,1,3,0,0,0,0,0,0,VVTVSLPR,8,0,5275000.0,21.835125673914725
7,VATVSPLR,94,8,421.7588,2,58.14,47800000.0,841.5021,1.1,1,0,0,0,0,0,0,0,0,1,0,0,1,0,1,1,1,2,0,0,0,0,0,0,VATVSPLR,8,0,5975000.0,24.732677896045587
8,VAEVSLPR,94,8,435.756,2,63.49,1120000.0,869.497,0.4,1,0,0,1,0,0,0,0,0,1,0,0,1,0,1,1,0,2,0,0,0,0,0,0,VAEVSLPR,8,0,140000.0,0.5795104444261728
9,VATVSPLR,94,8,421.759,2,59.15,272000.0,841.5021,1.6,1,0,0,0,0,0,0,0,0,1,0,0,1,0,1,1,1,2,0,0,0,0,0,0,VATVSPLR,8,0,34000.0,0.1407382507892134
10,VVTVDLPR,94,8,449.7715,2,64.71,1140000.0,897.5283,0.1,0,0,1,0,0,0,0,0,0,1,0,0,1,0,1,0,1,3,0,0,0,0,0,0,VVTVDLPR,8,0,142500.0,0.5898588452194973
11,VATVSPLR,94,8,421.7585,2,59.66,272000.0,841.5021,0.3,1,0,0,0,0,0,0,0,0,1,0,0,1,0,1,1,1,2,0,0,0,0,0,0,VATVSPLR,8,0,34000.0,0.1407382507892134
12,VATVSPLR,93,8,421.7596,2,58.65,47800000.0,841.5021,3.0,1,0,0,0,0,0,0,0,0,1,0,0,1,0,1,1,1,2,0,0,0,0,0,0,VATVSPLR,8,0,5975000.0,24.732677896045587
13,LSSPAELNSR,93,10,537.2828,2,50.72,937000.0,1072.5513,-0.1,1,0,0,1,0,0,0,0,0,2,0,1,1,0,1,3,0,0,0,0,0,0,0,0,LSSPAELNSR,10,0,93700.0,0.3878580617338028
14,LATVLSPR,93,8,428.7669,2,60.15,13300000.0,855.5178,1.8,1,0,0,0,0,0,0,0,0,2,0,0,1,0,1,1,1,1,0,0,0,0,0,0,LATVLSPR,8,0,1662500.0,6.8816865275608015
15,VAEVSLPR,93,8,435.7558,2,63.99,1120000.0,869.497,0.0,1,0,0,1,0,0,0,0,0,1,0,0,1,0,1,1,0,2,0,0,0,0,0,0,VAEVSLPR,8,0,140000.0,0.5795104444261728
16,VVTVLSPR,93,8,435.7747,2,62.16,42200000.0,869.5334,1.5,0,0,0,0,0,0,0,0,0,1,0,0,1,0,1,1,1,3,0,0,0,0,0,0,VVTVLSPR,8,0,5275000.0,21.835125673914725
17,VATVDLPR,93,8,435.7561,2,60.85,1690000.0,869.497,0.8,1,0,1,0,0,0,0,0,0,1,0,0,1,0,1,0,1,2,0,0,0,0,0,0,VATVDLPR,8,0,211250.0,0.8744398670359215
18,VVTVSLPR,92,8,435.774,2,61.66,42200000.0,869.5334,-0.1,0,0,0,0,0,0,0,0,0,1,0,0,1,0,1,1,1,3,0,0,0,0,0,0,VVTVSLPR,8,0,5275000.0,21.835125673914725
19,VAEVSLPR,92,8,435.756,2,62.98,1120000.0,869.497,0.4,1,0,0,1,0,0,0,0,0,1,0,0,1,0,1,1,0,2,0,0,0,0,0,0,VAEVSLPR,8,0,140000.0,0.5795104444261728
20,VVEVSLPR,92,8,449.7713,2,66.89,652000.0,897.5283,-0.3,0,0,0,1,0,0,0,0,0,1,0,0,1,0,1,1,0,3,0,0,0,0,0,0,VVEVSLPR,8,0,81500.0,0.33735786586237915
21,VATVSPLR,91,8,421.7585,2,57.64,,841.5021,0.5,1,0,0,0,0,0,0,0,0,1,0,0,1,0,1,1,1,2,0,0,0,0,0,0,VATVSPLR,8,0,,
22,LVEGNEQFLNAAK,91,13,716.8757,2,70.14,139000.0,1431.7358,0.7,2,0,0,2,1,1,0,0,1,2,0,2,0,1,0,0,0,1,0,0,0,0,0,0,LVEGNEQFLNAAK,13,0,10692.307692307691,0.04425931416221869
23,VVTVDLPR,91,8,449.7713,2,64.21,236000.0,897.5283,-0.3,0,0,1,0,0,0,0,0,0,1,0,0,1,0,1,0,1,3,0,0,0,0,0,0,VVTVDLPR,8,0,29500.0,0.12211112936122927
24,VVTVSLPR,91,8,435.7727,2,61.15,42200000.0,869.5334,-2.9,0,0,0,0,0,0,0,0,0,1,0,0,1,0,1,1,1,3,0,0,0,0,0,0,VVTVSLPR,8,0,5275000.0,21.835125673914725
25,VATVSPLR,90,8,421.7586,2,60.16,272000.0,841.5021,0.6,1,0,0,0,0,0,0,0,0,1,0,0,1,0,1,1,1,2,0,0,0,0,0,0,VATVSPLR,8,0,34000.0,0.1407382507892134
26,LDN(+.98)PATLNDK,90,10,551.2807,2,53.56,15000.0,1100.5349,10.8,1,0,2,0,0,0,0,0,1,2,0,2,1,0,0,0,1,0,0,0,0,0,1,0,LDNPATLNDK,10,1,1500.0,0.006209040475994709
27,VVTVSLPR,90,8,435.774,2,64.17,255000.0,869.5334,0.0,0,0,0,0,0,0,0,0,0,1,0,0,1,0,1,1,1,3,0,0,0,0,0,0,VVTVSLPR,8,0,31875.0,0.13194211011488755
28,LATVLSPR,90,8,428.7658,2,59.14,2270000.0,855.5178,-0.9,1,0,0,0,0,0,0,0,0,2,0,0,1,0,1,1,1,1,0,0,0,0,0,0,LATVLSPR,8,0,283750.0,1.1745434900423324
29,LSSPATLSNR,89,10,523.2855,2,44.81,22900000.0,1044.5564,0.0,1,0,0,0,0,0,0,0,0,2,0,1,1,0,1,3,1,0,0,0,0,0,0,0,LSSPATLSNR,10,0,2290000.0,9.479135126685255
30,LATVLSPR,89,8,428.7664,2,60.65,13300000.0,855.5178,0.5,1,0,0,0,0,0,0,0,0,2,0,0,1,0,1,1,1,1,0,0,0,0,0,0,LATVLSPR,8,0,1662500.0,6.8816865275608015
31,MHFPHLYVPR,89,10,432.8999,3,87.35,4180000.0,1295.6597,14.1,0,0,0,0,1,0,2,0,0,1,1,0,2,0,1,0,0,1,0,1,0,0,0,0,MHFPHLYVPR,10,0,418000.0,1.7302526126438587
32,LATVLSPR,89,8,428.7661,2,59.65,2270000.0,855.5178,-0.1,1,0,0,0,0,0,0,0,0,2,0,0,1,0,1,1,1,1,0,0,0,0,0,0,LATVLSPR,8,0,283750.0,1.1745434900423324
33,GFAGDDAPR,88,9,453.2094,2,37.07,8100.0,904.4039,0.3,2,0,2,0,1,2,0,0,0,0,0,0,1,0,1,0,0,0,0,0,0,0,0,0,GFAGDDAPR,9,0,900.0,0.003725424285596825
34,LSN(+.98)PATLNSR,88,10,537.283,2,49.56,828000.0,1072.5513,0.1,1,0,0,0,0,0,0,0,0,2,0,2,1,0,1,2,1,0,0,0,0,0,1,0,LSNPATLNSR,10,1,82800.0,0.3427390342749079
35,SC(+57.02)AAAGTEC(+57.02)LLSGWGNTK,88,18,941.9248,2,90.61,635000.0,1881.835,0.1,3,2,0,1,0,3,0,0,1,2,0,1,0,0,0,2,2,0,1,0,2,0,0,0,SCLLSGWGNTK,11,2,57727.27272727273,0.23895398195494788
36,LSSPATLC(+57.02)PK,88,10,537.2828,2,50.21,937000.0,1072.5586,-7.1,1,1,0,0,0,0,0,0,1,2,0,0,2,0,0,2,1,0,0,0,1,0,0,0,LSSPATLCPK,10,1,93700.0,0.3878580617338028
37,APVLSN(+.98)SSC(+57.02)K,86,10,532.2582,2,34.35,26600.0,1062.5015,0.4,1,1,0,0,0,0,0,0,1,1,0,1,1,0,0,3,0,1,0,0,1,0,1,0,APVLSNK,7,2,3800.0,0.01572956920585326
38,C(+57.02)DNGQ(+.98)LVDLHLGPK,86,14,783.8748,2,74.11,569000.0,1565.7507,-10.0,0,1,2,0,0,2,1,0,1,3,0,1,1,1,0,0,0,1,0,0,1,0,0,1,CLVDLHLGPK,10,2,56900.0,0.23552960205606593
39,AC(+57.02)SAAGTEC(+57.02)LLSGWQATK,85,18,955.9418,2,91.38,1370000.0,1909.8662,1.5,4,2,0,1,0,2,0,0,1,2,0,0,0,1,0,2,2,0,1,0,2,0,0,0,ACLLSGWQATK,11,2,124545.45454545454,0.5155385122492576
40,MHFPHLYVPR,84,10,432.8997,3,87.85,4180000.0,1295.6597,13.6,0,0,0,0,1,0,2,0,0,1,1,0,2,0,1,0,0,1,0,1,0,0,0,0,MHFPHLYVPR,10,0,418000.0,1.7302526126438587
41,MHFPHLYVPR,84,10,432.8999,3,88.85,21600.0,1295.6597,14.1,0,0,0,0,1,0,2,0,0,1,1,0,2,0,1,0,0,1,0,1,0,0,0,0,MHFPHLYVPR,10,0,2160.0,0.00894101828543238
42,MVDLAWFK,84,8,505.2696,2,79.29,1720000.0,1008.5103,14.2,1,0,1,0,1,0,0,0,1,1,1,0,0,0,0,0,0,1,1,0,0,0,0,0,MVDLAWFK,8,0,215000.0,0.8899624682259082
43,MHFPHLYVPR,83,10,432.8995,3,89.36,128000.0,1295.6597,13.1,0,0,0,0,1,0,2,0,0,1,1,0,2,0,1,0,0,1,0,1,0,0,0,0,MHFPHLYVPR,10,0,12800.0,0.05298381206182151
44,LDSPATLDNR,82,10,551.2803,2,54.26,29400.0,1100.5461,0.0,1,0,2,0,0,0,0,0,0,2,0,1,1,0,1,1,1,0,0,0,0,0,0,0,LDSPATLDNR,10,0,2940.0,0.012169719332949629
45,LSSPATLNDR,81,10,537.2834,2,51.22,937000.0,1072.5513,0.9,1,0,1,0,0,0,0,0,0,2,0,1,1,0,1,2,1,0,0,0,0,0,0,0,LSSPATLNDR,10,0,93700.0,0.3878580617338028
46,MHFPHLYVPR,80,10,432.9002,3,88.35,2810000.0,1295.6597,14.8,0,0,0,0,1,0,2,0,0,1,1,0,2,0,1,0,0,1,0,1,0,0,0,0,MHFPHLYVPR,10,0,281000.0,1.1631602491696753
47,DSGSSYALLLQC(+57.02)LK,80,14,777.8961,2,99.15,107000.0,1553.7759,1.1,1,1,1,0,0,1,0,0,1,4,0,0,0,1,0,3,0,0,0,1,1,0,0,0,DSGSSYALLLQCLK,14,1,7642.857142857143,0.031636539568163514
48,MVDLAAVYK,80,9,505.2696,2,78.27,1720000.0,1008.5314,-6.7,2,0,1,0,0,0,0,0,1,1,1,0,0,0,0,0,0,2,0,1,0,0,0,0,MVDLAAVYK,9,0,191111.11111111112,0.7910777495341407
49,MHFPHLYVPR,80,10,432.8996,3,89.86,10700.0,1295.6597,13.3,0,0,0,0,1,0,2,0,0,1,1,0,2,0,1,0,0,1,0,1,0,0,0,0,MHFPHLYVPR,10,0,1070.0,0.004429115539542892
50,LSSPATLNSR,80,10,523.2849,2,47.48,,1044.5564,-1.1,1,0,0,0,0,0,0,0,0,2,0,1,1,0,1,3,1,0,0,0,0,0,0,0,LSSPATLNSR,10,0,,
51,AGFAGDDAPR,79,10,488.7281,2,40.29,60100.0,975.441,0.7,3,0,2,0,1,2,0,0,0,0,0,0,1,0,1,0,0,0,0,0,0,0,0,0,AGFAGDDAPR,10,0,6010.0,0.024877555507152132
52,MHFPHLYVPR,79,10,432.8996,3,90.36,11100.0,1295.6597,13.4,0,0,0,0,1,0,2,0,0,1,1,0,2,0,1,0,0,1,0,1,0,0,0,0,MHFPHLYVPR,10,0,1110.0,0.004594689952236084
53,MVDLAAVYK,79,9,505.2696,2,78.77,1720000.0,1008.5314,-6.7,2,0,1,0,0,0,0,0,1,1,1,0,0,0,0,0,0,2,0,1,0,0,0,0,MVDLAAVYK,9,0,191111.11111111112,0.7910777495341407
54,LSDPAWPTSK,78,10,551.281,2,55.77,21000.0,1100.5503,-2.6,1,0,1,0,0,0,0,0,1,1,0,0,2,0,0,2,1,0,1,0,0,0,0,0,LSDPAWPTSK,10,0,2100.0,0.008692656666392592
55,VPGVSLPR,77,8,412.7535,2,58.81,1870000.0,823.4916,1.1,0,0,0,0,0,1,0,0,0,1,0,0,2,0,1,1,0,2,0,0,0,0,0,0,VPGVSLPR,8,0,233750.0,0.9675754741758421
56,MHFPHLYVPR,76,10,432.8992,3,127.74,10000.0,1295.6597,12.5,0,0,0,0,1,0,2,0,0,1,1,0,2,0,1,0,0,1,0,1,0,0,0,0,MHFPHLYVPR,10,0,1000.0,0.004139360317329806
57,VPGVSLPR,76,8,412.753,2,58.31,1870000.0,823.4916,-0.1,0,0,0,0,0,1,0,0,0,1,0,0,2,0,1,1,0,2,0,0,0,0,0,0,VPGVSLPR,8,0,233750.0,0.9675754741758421
58,MHFPHLYVPR,74,10,432.9003,3,91.53,31300.0,1295.6597,14.9,0,0,0,0,1,0,2,0,0,1,1,0,2,0,1,0,0,1,0,1,0,0,0,0,MHFPHLYVPR,10,0,3130.0,0.012956197793242292
59,AC(+57.02)SSYPSLKLADSK,74,14,763.8812,2,99.3,101000.0,1525.7446,2.1,2,1,1,0,0,0,0,0,2,2,0,0,1,0,0,4,0,0,0,1,1,0,0,0,ACSSYPSLKLADSK,14,1,7214.285714285715,0.0298625280035936
60,DMLQYK,74,6,399.1931,2,32.24,41200.0,796.3789,-9.0,0,0,1,0,0,0,0,0,1,1,1,0,0,1,0,0,0,0,0,1,0,0,0,0,DMLQYK,6,0,6866.666666666667,0.028423607512331334
61,M(+15.99)M(+15.99)AM(+15.99)PLVGK,73,9,513.2397,2,46.49,166000.0,1024.4756,-10.4,1,0,0,0,0,1,0,0,1,1,3,0,1,0,0,0,0,1,0,0,0,3,0,0,MPLVGK,6,3,27666.666666666668,0.1145223021127913
62,VPGVSLPR,73,8,412.7534,2,59.32,46600.0,823.4916,0.7,0,0,0,0,0,1,0,0,0,1,0,0,2,0,1,1,0,2,0,0,0,0,0,0,VPGVSLPR,8,0,5825.0,0.02411177384844612
63,HMFPHLYVPR,73,10,432.8999,3,92.45,1090.0,1295.6597,14.1,0,0,0,0,1,0,2,0,0,1,1,0,2,0,1,0,0,1,0,1,0,0,0,0,HMFPHLYVPR,10,0,109.0,0.0004511902745889488
64,LATVGPAQK,73,9,442.7635,2,62.67,344000.0,883.5127,-0.4,2,0,0,0,0,1,0,0,1,1,0,0,1,1,0,0,1,1,0,0,0,0,0,0,LATVGPAQK,9,0,38222.22222222222,0.15821554990682812
65,MHFPHLYVPR,72,10,432.8997,3,91.37,18900.0,1295.6597,13.5,0,0,0,0,1,0,2,0,0,1,1,0,2,0,1,0,0,1,0,1,0,0,0,0,MHFPHLYVPR,10,0,1890.0,0.007823390999753333
66,MHFPHLYVPR,71,10,432.9,3,94.78,2380.0,1295.6597,14.2,0,0,0,0,1,0,2,0,0,1,1,0,2,0,1,0,0,1,0,1,0,0,0,0,MHFPHLYVPR,10,0,238.0,0.0009851677555244938
67,APVLSM(+15.99)GC(+57.02)R,71,9,503.7476,2,40.16,10800.0,1005.4736,7.0,1,1,0,0,0,1,0,0,0,1,1,0,1,0,1,1,0,1,0,0,1,1,0,0,APVLSMR,7,2,1542.857142857143,0.0063864416324517
68,HMFPHLYVPR,71,10,432.8995,3,93.68,2050.0,1295.6597,13.2,0,0,0,0,1,0,2,0,0,1,1,0,2,0,1,0,0,1,0,1,0,0,0,0,HMFPHLYVPR,10,0,205.0,0.0008485688650526101
69,MHMLHLYVPR,71,10,432.9001,3,99.95,57700.0,1295.6631,12.0,0,0,0,0,0,0,2,0,0,2,2,0,1,0,1,0,0,1,0,1,0,0,0,0,MHMLHLYVPR,10,0,5770.0,0.02388410903099298
70,MHFPHLYVPR,70,10,432.8991,3,121.01,6700.0,1295.6597,12.3,0,0,0,0,1,0,2,0,0,1,1,0,2,0,1,0,0,1,0,1,0,0,0,0,MHFPHLYVPR,10,0,670.0,0.00277337141261097
71,EFHPGLAR,70,8,463.748,2,88.1,471000.0,925.477,4.9,1,0,0,1,1,1,1,0,0,1,0,0,1,0,1,0,0,0,0,0,0,0,0,0,EFHPGLAR,8,0,58875.0,0.2437048386827923
72,MHFPHLYVPR,69,10,432.8998,3,96.42,27900.0,1295.6597,13.9,0,0,0,0,1,0,2,0,0,1,1,0,2,0,1,0,0,1,0,1,0,0,0,0,MHFPHLYVPR,10,0,2790.0,0.011548815285350157
73,MHLMHLYVPR,68,10,432.8997,3,104.55,170000.0,1295.6631,11.1,0,0,0,0,0,0,2,0,0,2,2,0,1,0,1,0,0,1,0,1,0,0,0,0,MHLMHLYVPR,10,0,17000.0,0.0703691253946067
74,MHFPHLYVPR,68,10,432.8997,3,93.39,2490.0,1295.6597,13.5,0,0,0,0,1,0,2,0,0,1,1,0,2,0,1,0,0,1,0,1,0,0,0,0,MHFPHLYVPR,10,0,249.0,0.0010307007190151216
75,QFAGDDAPR,68,9,488.7271,2,40.8,60100.0,975.441,-1.3,2,0,2,0,1,1,0,0,0,0,0,0,1,1,1,0,0,0,0,0,0,0,0,0,QFAGDDAPR,9,0,6677.777777777777,0.027641728341280144
76,GFNSYPSLLC(+57.02)RGR,68,13,763.8798,2,98.8,101000.0,1525.7458,-0.6,0,1,0,0,1,2,0,0,0,2,0,1,1,0,2,2,0,0,0,1,1,0,0,0,GFNSYPSLLCRGR,13,1,7769.2307692307695,0.03215964554233157
77,EM(+15.99)HPGVLK,68,8,463.7479,2,87.59,149000.0,925.4691,13.0,0,0,0,1,0,1,1,0,1,1,1,0,1,0,0,0,0,1,0,0,0,1,0,0,EMHPGVLK,8,1,18625.0,0.07709558591026763
78,HMFPHLYVPR,67,10,432.8998,3,100.96,57700.0,1295.6597,13.8,0,0,0,0,1,0,2,0,0,1,1,0,2,0,1,0,0,1,0,1,0,0,0,0,HMFPHLYVPR,10,0,5770.0,0.02388410903099298
79,VATVSSHYAR,67,10,545.7809,2,62.03,76500.0,1089.5566,-8.6,2,0,0,0,0,0,1,0,0,0,0,0,0,0,1,2,1,2,0,1,0,0,0,0,VATVSSHYAR,10,0,7650.0,0.03166610642757301
80,HNGMVLK,67,7,399.718,2,142.06,354000.0,797.4218,-0.6,0,0,0,0,0,1,1,0,1,1,1,1,0,0,0,0,0,1,0,0,0,0,0,0,HNGMVLK,7,0,50571.42857142857,0.20933336461925017
81,FGNSYPTVLQNMR,67,13,763.8792,2,98.3,81100.0,1525.7346,6.1,0,0,0,0,1,1,0,0,0,1,1,2,1,1,1,1,1,1,0,1,0,0,0,0,FGNSYPTVLQNMR,13,0,6238.461538461538,0.02582324013349594
82,SLVNLSNK,66,8,437.7528,2,58.87,2910.0,873.4919,-1.0,0,0,0,0,0,0,0,0,1,2,0,2,0,0,0,2,0,1,0,0,0,0,0,0,SLVNLSNK,8,0,363.75,0.0015056923154287169
83,FFLTGWR,66,7,463.7479,2,87.09,55600.0,925.481,0.3,0,0,0,0,2,1,0,0,0,1,0,0,0,0,1,0,1,0,1,0,0,0,0,0,FFLTGWR,7,0,7942.857142857143,0.03287834766336246
84,MHFPHLYVPR,66,10,432.8998,3,93.9,8850.0,1295.6597,13.9,0,0,0,0,1,0,2,0,0,1,1,0,2,0,1,0,0,1,0,1,0,0,0,0,MHFPHLYVPR,10,0,885.0,0.0036633338808368778
85,MHFPHLTTGKK,66,11,432.8992,3,116.81,6330.0,1295.6809,-4.0,0,0,0,0,1,1,2,0,2,1,1,0,1,0,0,0,2,0,0,0,0,0,0,0,MHFPHLTTGKK,11,0,575.4545454545455,0.0023820137098816063
86,FLVN(+.98)HHENK,65,9,569.7909,2,75.57,24700.0,1137.5566,9.3,0,0,0,1,1,0,2,0,1,1,0,2,0,0,0,0,0,1,0,0,0,0,1,0,FLVNHHENK,9,1,2744.4444444444443,0.011360244426449577
87,VATVN(+.98)LPR,65,8,435.7559,2,60.34,1690000.0,869.4971,0.1,1,0,0,0,0,0,0,0,0,1,0,1,1,0,1,0,1,2,0,0,0,0,1,0,VATVNLPR,8,1,211250.0,0.8744398670359215
88,EM(+15.99)HPGLVK,64,8,463.7477,2,88.6,12600.0,925.4691,12.8,0,0,0,1,0,1,1,0,1,1,1,0,1,0,0,0,0,1,0,0,0,1,0,0,EMHPGLVK,8,1,1575.0,0.006519492499794444
89,VAVEDLPR,64,8,449.7532,2,66.19,57900.0,897.4919,-0.2,1,0,1,1,0,0,0,0,0,1,0,0,1,0,1,0,0,2,0,0,0,0,0,0,VAVEDLPR,8,0,7237.5,0.029958620296674468
90,TVVNLGSGK,63,9,437.7535,2,58.44,25500.0,873.4919,0.5,0,0,0,0,0,2,0,0,1,1,0,1,0,0,0,1,1,2,0,0,0,0,0,0,TVVNLGSGK,9,0,2833.3333333333335,0.011728187565767783
91,MHMLHLYVPR,62,10,432.8993,3,95.92,27900.0,1295.6631,10.1,0,0,0,0,0,0,2,0,0,2,2,0,1,0,1,0,0,1,0,1,0,0,0,0,MHMLHLYVPR,10,0,2790.0,0.011548815285350157
92,HNGLMVK,62,7,399.7183,2,142.0,354000.0,797.4218,0.2,0,0,0,0,0,1,1,0,1,1,1,1,0,0,0,0,0,1,0,0,0,0,0,0,HNGLMVK,7,0,50571.42857142857,0.20933336461925017
93,ETYMSHTELVC(+57.02)K,62,12,749.3337,2,133.74,2040.0,1496.6641,-7.5,0,1,0,2,0,0,1,0,1,1,1,0,0,0,0,1,2,1,0,1,1,0,0,0,ETYMSHTELVCK,12,1,170.0,0.000703691253946067
94,VAEVPQKK,62,8,449.7714,2,66.38,652000.0,897.5283,0.0,1,0,0,1,0,0,0,0,2,0,0,0,1,1,0,0,0,2,0,0,0,0,0,0,VAEVPQKK,8,0,81500.0,0.33735786586237915
95,DSSGSYHKNYKLR,61,13,777.8961,2,99.65,107000.0,1553.7585,12.2,0,0,1,0,0,1,1,0,2,1,0,1,0,0,1,3,0,0,0,2,0,0,0,0,DSSGSYHKNYKLR,13,0,8230.76923076923,0.03407011953494532
96,SFTKSTK,61,7,399.718,2,142.08,354000.0,797.4283,-8.6,0,0,0,0,1,0,0,0,2,0,0,0,0,0,0,2,2,0,0,0,0,0,0,0,SFTKSTK,7,0,50571.42857142857,0.20933336461925017
97,M(+15.99)QLAGTEGC(+57.02)LSGATAAATK,61,19,927.4286,2,95.95,97600.0,1852.866,-12.6,5,1,0,1,0,3,0,0,1,2,1,0,0,1,0,1,3,0,0,0,1,1,0,0,MLSGATAAATK,11,2,8872.727272727272,0.03672741517921718
98,LPPNETK,60,7,399.7182,2,141.98,354000.0,797.4283,-8.1,0,0,0,1,0,0,0,0,1,1,0,1,2,0,0,0,1,0,0,0,0,0,0,0,LPPNETK,7,0,50571.42857142857,0.20933336461925017
99,HNGMVLK,60,7,399.7184,2,141.74,354000.0,797.4218,0.6,0,0,0,0,0,1,1,0,1,1,1,1,0,0,0,0,0,1,0,0,0,0,0,0,HNGMVLK,7,0,50571.42857142857,0.20933336461925017
100,MHLMHLYVPR,60,10,432.8991,3,130.14,73.4,1295.6631,9.5,0,0,0,0,0,0,2,0,0,2,2,0,1,0,1,0,0,1,0,1,0,0,0,0,MHLMHLYVPR,10,0,7.340000000000001,3.0382904729200775e-05
101,MHLMHLYVPR,60,10,432.8997,3,96.93,18300.0,1295.6631,11.1,0,0,0,0,0,0,2,0,0,2,2,0,1,0,1,0,0,1,0,1,0,0,0,0,MHLMHLYVPR,10,0,1830.0,0.0075750293807135445
102,HMLMHLYVPR,60,10,432.8999,3,112.97,624.0,1295.6631,11.4,0,0,0,0,0,0,2,0,0,2,2,0,1,0,1,0,0,1,0,1,0,0,0,0,HMLMHLYVPR,10,0,62.4,0.0002582960838013799
103,MHPFHLTTGKK,60,11,432.8993,3,115.69,1920.0,1295.6809,-3.8,0,0,0,0,1,1,2,0,2,1,1,0,1,0,0,0,2,0,0,0,0,0,0,0,MHPFHLTTGKK,11,0,174.54545454545453,0.0007225065281157478
104,MHMLHLYVPR,59,10,432.8989,3,128.76,28500.0,1295.6631,9.0,0,0,0,0,0,0,2,0,0,2,2,0,1,0,1,0,0,1,0,1,0,0,0,0,MHMLHLYVPR,10,0,2850.0,0.011797176904389946
105,MHLMHRRTSK,59,10,648.8463,2,88.25,4650.0,1295.6704,5.9,0,0,0,0,0,0,2,0,1,1,2,0,0,0,2,1,1,0,0,0,0,0,0,0,MHLMHRRTSK,10,0,465.0,0.0019248025475583595
106,MHFPHLYVPR,59,10,432.8998,3,105.05,170000.0,1295.6597,13.8,0,0,0,0,1,0,2,0,0,1,1,0,2,0,1,0,0,1,0,1,0,0,0,0,MHFPHLYVPR,10,0,17000.0,0.0703691253946067
107,AQSPATTELK,59,10,523.285,2,48.56,,1044.5452,9.9,2,0,0,1,0,0,0,0,1,1,0,0,1,1,0,1,2,0,0,0,0,0,0,0,AQSPATTELK,10,0,,
108,WKYWMWVMGSNLSVQNK,59,17,1079.0216,2,92.98,893000.0,2156.0334,-2.2,0,0,0,0,0,1,0,0,2,1,2,2,0,1,0,2,0,2,3,1,0,0,0,0,WKYWMWVMGSNLSVQNK,17,0,52529.41176470588,0.21743816255150097
109,SVPQTHLTEER,59,11,432.8857,3,126.68,93300.0,1295.647,-9.1,0,0,0,2,0,0,1,0,0,1,0,0,1,1,1,1,2,1,0,0,0,0,0,0,SVPQTHLTEER,11,0,8481.818181818182,0.03510930160062462
110,MHFPHLYVPR,59,10,432.8999,3,106.74,170000.0,1295.6597,14.0,0,0,0,0,1,0,2,0,0,1,1,0,2,0,1,0,0,1,0,1,0,0,0,0,MHFPHLYVPR,10,0,17000.0,0.0703691253946067
111,LTTPATENAR,59,10,537.283,2,48.55,828000.0,1072.5513,0.1,2,0,0,1,0,0,0,0,0,1,0,1,1,0,1,0,3,0,0,0,0,0,0,0,LTTPATENAR,10,0,82800.0,0.3427390342749079
112,C(+57.02)SNNTNEYKDLKAK,58,14,842.9,2,72.18,183000.0,1683.7886,-1.9,1,1,1,1,0,0,0,0,3,1,0,3,0,0,0,1,1,0,0,1,1,0,0,0,CSNNTNEYKDLKAK,14,1,13071.42857142857,0.054107352719382454
113,QQTATQK,58,7,402.7199,2,135.5,65300.0,803.4138,14.3,1,0,0,0,0,0,0,0,1,0,0,0,0,3,0,0,2,0,0,0,0,0,0,0,QQTATQK,7,0,9328.57142857143,0.03861431838880519
114,MHFPHLYVPR,58,10,432.8997,3,99.45,57700.0,1295.6597,13.7,0,0,0,0,1,0,2,0,0,1,1,0,2,0,1,0,0,1,0,1,0,0,0,0,MHFPHLYVPR,10,0,5770.0,0.02388410903099298
115,MHFPHLYVPR,58,10,432.9,3,100.46,57700.0,1295.6597,14.2,0,0,0,0,1,0,2,0,0,1,1,0,2,0,1,0,0,1,0,1,0,0,0,0,MHFPHLYVPR,10,0,5770.0,0.02388410903099298
116,MHFPHLYVPR,58,10,432.9,3,91.88,3300.0,1295.6597,14.3,0,0,0,0,1,0,2,0,0,1,1,0,2,0,1,0,0,1,0,1,0,0,0,0,MHFPHLYVPR,10,0,330.0,0.001365988904718836
117,WNLVHLTEER,58,10,432.9002,3,122.04,6570.0,1295.6621,12.9,0,0,0,2,0,0,1,0,0,2,0,1,0,0,1,0,1,1,1,0,0,0,0,0,WNLVHLTEER,10,0,657.0,0.0027195597284856822
118,MHFPHLYVPR,58,10,432.9002,3,90.87,11100.0,1295.6597,14.8,0,0,0,0,1,0,2,0,0,1,1,0,2,0,1,0,0,1,0,1,0,0,0,0,MHFPHLYVPR,10,0,1110.0,0.004594689952236084
119,MHFPHLYVPR,58,10,432.8993,3,119.47,996.0,1295.6597,12.6,0,0,0,0,1,0,2,0,0,1,1,0,2,0,1,0,0,1,0,1,0,0,0,0,MHFPHLYVPR,10,0,99.6,0.0004122802876060486
120,MHFPHLTGKTK,58,11,432.9,3,101.47,27300.0,1295.6809,-2.1,0,0,0,0,1,1,2,0,2,1,1,0,1,0,0,0,2,0,0,0,0,0,0,0,MHFPHLTGKTK,11,0,2481.818181818182,0.01027313969664579
121,DPVDNFHSHK,57,10,598.2765,2,31.52,27200.0,1194.5417,-2.8,0,0,2,0,1,0,2,0,1,0,0,1,1,0,0,1,0,1,0,0,0,0,0,0,DPVDNFHSHK,10,0,2720.0,0.011259060063137072
122,MHFPHLTSAKK,57,11,432.8999,3,96.04,27900.0,1295.6809,-2.3,1,0,0,0,1,0,2,0,2,1,1,0,1,0,0,1,1,0,0,0,0,0,0,0,MHFPHLTSAKK,11,0,2536.3636363636365,0.010498922986681963
123,WAVRHLTEER,57,10,432.9003,3,126.09,22500.0,1295.6733,4.5,1,0,0,2,0,0,1,0,0,1,0,0,0,0,2,0,1,1,1,0,0,0,0,0,WAVRHLTEER,10,0,2250.0,0.009313560713992062
124,HMLMHLYVPR,57,10,432.8998,3,109.16,15200.0,1295.6631,11.3,0,0,0,0,0,0,2,0,0,2,2,0,1,0,1,0,0,1,0,1,0,0,0,0,HMLMHLYVPR,10,0,1520.0,0.006291827682341305
125,WGLRHLTEER,57,10,432.9003,3,120.33,9890.0,1295.6733,4.4,0,0,0,2,0,1,1,0,0,2,0,0,0,0,2,0,1,0,1,0,0,0,0,0,WGLRHLTEER,10,0,989.0,0.004093827353839178
126,LYC(+57.02)GQK,57,6,384.6925,2,75.53,7270.0,767.3636,9.0,0,1,0,0,0,1,0,0,1,1,0,0,0,1,0,0,0,0,0,1,1,0,0,0,LYCGQK,6,1,1211.6666666666667,0.005015524917831282
127,WWC(+57.02)MKKAEGRSQFLNAAK,56,18,737.7068,3,93.51,106000.0,2210.0876,5.0,3,1,0,1,1,1,0,0,3,1,1,1,0,1,1,1,0,0,2,0,1,0,0,0,WWCMKKAEGRSQFLNAAK,18,1,5888.888888888889,0.024376232979831075
128,MHFPHLYVPR,56,10,432.8999,3,97.91,5060.0,1295.6597,14.0,0,0,0,0,1,0,2,0,0,1,1,0,2,0,1,0,0,1,0,1,0,0,0,0,MHFPHLYVPR,10,0,506.0,0.0020945163205688816
129,STGSSYPPAQYRVK,56,14,770.8871,2,98.84,70700.0,1539.7681,-5.5,1,0,0,0,0,1,0,0,1,0,0,0,2,1,1,3,1,1,0,2,0,0,0,0,STGSSYPPAQYRVK,14,0,5050.0,0.02090376960251552
130,MHFPHLYVPR,56,10,432.8994,3,96.67,18300.0,1295.6597,13.0,0,0,0,0,1,0,2,0,0,1,1,0,2,0,1,0,0,1,0,1,0,0,0,0,MHFPHLYVPR,10,0,1830.0,0.0075750293807135445
131,MHFPHLYVPR,56,10,432.9001,3,100.07,57700.0,1295.6597,14.5,0,0,0,0,1,0,2,0,0,1,1,0,2,0,1,0,0,1,0,1,0,0,0,0,MHFPHLYVPR,10,0,5770.0,0.02388410903099298
132,HMLMHLYVPR,56,10,432.8995,3,94.9,2360.0,1295.6631,10.4,0,0,0,0,0,0,2,0,0,2,2,0,1,0,1,0,0,1,0,1,0,0,0,0,HMLMHLYVPR,10,0,236.0,0.0009768890348898342
133,MHFPHLTKASK,56,11,432.9006,3,103.03,270.0,1295.6809,-0.8,1,0,0,0,1,0,2,0,2,1,1,0,1,0,0,1,1,0,0,0,0,0,0,0,MHFPHLTKASK,11,0,24.545454545454547,0.00010160248051627706
134,LSN(+.98)PAPWSTK,56,10,551.2807,2,54.79,29400.0,1100.5503,-3.1,1,0,0,0,0,0,0,0,1,1,0,1,2,0,0,2,1,0,1,0,0,0,1,0,LSNPAPWSTK,10,1,2940.0,0.012169719332949629
135,WTKPHLTEER,56,10,432.9003,3,122.07,6570.0,1295.6621,13.1,0,0,0,2,0,0,1,0,1,1,0,0,1,0,1,0,2,0,1,0,0,0,0,0,WTKPHLTEER,10,0,657.0,0.0027195597284856822
136,MHFPHLYVPR,56,10,432.899,3,123.81,14300.0,1295.6597,12.1,0,0,0,0,1,0,2,0,0,1,1,0,2,0,1,0,0,1,0,1,0,0,0,0,MHFPHLYVPR,10,0,1430.0,0.005919285253781622
137,VYHLWQK,55,7,487.2667,2,92.39,25600.0,972.5181,0.7,0,0,0,0,0,0,1,0,1,1,0,0,0,1,0,0,0,1,1,1,0,0,0,0,VYHLWQK,7,0,3657.1428571428573,0.01513823201766329
138,WNLVHLTEER,55,10,432.9,3,125.67,26600.0,1295.6621,12.5,0,0,0,2,0,0,1,0,0,2,0,1,0,0,1,0,1,1,1,0,0,0,0,0,WNLVHLTEER,10,0,2660.0,0.011010698444097283
139,MYMWMAC(+57.02)K,55,8,560.728,2,133.34,6630.0,1119.4375,3.6,1,1,0,0,0,0,0,0,1,0,3,0,0,0,0,0,0,0,1,1,1,0,0,0,MYMWMACK,8,1,828.75,0.0034304948629870764
140,MHLMHLYVPR,55,10,432.9,3,109.08,85700.0,1295.6631,11.7,0,0,0,0,0,0,2,0,0,2,2,0,1,0,1,0,0,1,0,1,0,0,0,0,MHLMHLYVPR,10,0,8570.0,0.035474317919516433
141,STENVN(+.98)LMTATK,55,12,655.3231,2,74.74,61200.0,1308.623,6.6,1,0,0,1,0,0,0,0,1,1,1,2,0,0,0,1,3,1,0,0,0,0,1,0,STENVNLMTATK,12,1,5100.0,0.02111073761838201
142,VYLHSAHAK,55,9,513.2825,2,88.19,1060.0,1024.5454,5.0,2,0,0,0,0,0,2,0,1,1,0,0,0,0,0,1,0,1,0,1,0,0,0,0,VYLHSAHAK,9,0,117.77777777777777,0.00048752465959662155
143,WRAVHLTEER,55,10,432.8999,3,117.32,9910.0,1295.6733,3.6,1,0,0,2,0,0,1,0,0,1,0,0,0,0,2,0,1,1,1,0,0,0,0,0,WRAVHLTEER,10,0,991.0,0.004102106074473837
144,LKALKVVK,54,8,449.8281,2,141.85,,897.6375,4.6,1,0,0,0,0,0,0,0,3,2,0,0,0,0,0,0,0,2,0,0,0,0,0,0,LKALKVVK,8,0,,
145,MHFPHLYVPR,54,10,432.8994,3,94.19,8850.0,1295.6597,12.9,0,0,0,0,1,0,2,0,0,1,1,0,2,0,1,0,0,1,0,1,0,0,0,0,MHFPHLYVPR,10,0,885.0,0.0036633338808368778
146,MHFPHLTASKK,54,11,432.8987,3,112.12,6470.0,1295.6809,-5.0,1,0,0,0,1,0,2,0,2,1,1,0,1,0,0,1,1,0,0,0,0,0,0,0,MHFPHLTASKK,11,0,588.1818181818181,0.0024346964775567126
147,MHLMHLYVPR,54,10,432.9003,3,110.21,24600.0,1295.6631,12.3,0,0,0,0,0,0,2,0,0,2,2,0,1,0,1,0,0,1,0,1,0,0,0,0,MHLMHLYVPR,10,0,2460.0,0.010182826380631322
148,MHLMHLYVPR,54,10,432.8998,3,107.57,65300.0,1295.6631,11.2,0,0,0,0,0,0,2,0,0,2,2,0,1,0,1,0,0,1,0,1,0,0,0,0,MHLMHLYVPR,10,0,6530.0,0.02703002287216363
149,HMLMHLTSAKK,54,11,432.8998,3,141.53,451000.0,1295.6843,-5.2,1,0,0,0,0,0,2,0,2,2,2,0,0,0,0,1,1,0,0,0,0,0,0,0,HMLMHLTSAKK,11,0,41000.0,0.16971377301052204
150,RKMPHLTEER,54,10,432.8997,3,102.48,5860.0,1295.6768,0.5,0,0,0,2,0,0,1,0,1,1,1,0,1,0,2,0,1,0,0,0,0,0,0,0,RKMPHLTEER,10,0,586.0,0.002425665145955266
151,MHLMHLYVPR,54,10,432.9,3,95.43,7610.0,1295.6631,11.6,0,0,0,0,0,0,2,0,0,2,2,0,1,0,1,0,0,1,0,1,0,0,0,0,MHLMHLYVPR,10,0,761.0,0.003150053201487982
152,QRLKGRAMK,54,9,544.3317,2,141.55,,1086.6443,4.2,1,0,0,0,0,1,0,0,2,1,1,0,0,1,2,0,0,0,0,0,0,0,0,0,QRLKGRAMK,9,0,,
153,MM(+15.99)RRC(+57.02)RLEYNLSVQNK,54,16,1057.5159,2,99.75,643000.0,2113.0342,-8.0,0,1,0,1,0,0,0,0,1,2,2,2,0,1,3,1,0,1,0,1,1,1,0,0,MMRLEYNLSVQNK,13,2,49461.53846153846,0.20473912954177423
154,MHMLHLYVPR,53,10,432.8993,3,128.26,14900.0,1295.6631,10.0,0,0,0,0,0,0,2,0,0,2,2,0,1,0,1,0,0,1,0,1,0,0,0,0,MHMLHLYVPR,10,0,1490.0,0.00616764687282141
155,MHLMHRRTSK,53,10,648.8478,2,87.23,7610.0,1295.6704,8.2,0,0,0,0,0,0,2,0,1,1,2,0,0,0,2,1,1,0,0,0,0,0,0,0,MHLMHRRTSK,10,0,761.0,0.003150053201487982
156,MHFPHLYVPR,53,10,432.8991,3,129.81,14700.0,1295.6597,12.1,0,0,0,0,1,0,2,0,0,1,1,0,2,0,1,0,0,1,0,1,0,0,0,0,MHFPHLYVPR,10,0,1470.0,0.006084859666474814
157,WKRWFC(+57.02)NM(+15.99)GSNLSVELK,53,17,1086.0267,2,98.87,1650000.0,2170.0452,-2.9,0,1,0,1,1,1,0,0,2,2,1,2,0,0,1,2,0,1,2,0,1,1,0,0,WKRWFCGSNLSVELK,15,2,110000.0,0.45532963490627865
158,MHFPHLYVPR,53,10,432.8999,3,94.4,15200.0,1295.6597,14.0,0,0,0,0,1,0,2,0,0,1,1,0,2,0,1,0,0,1,0,1,0,0,0,0,MHFPHLYVPR,10,0,1520.0,0.006291827682341305
159,MHMLHLYVPR,53,10,432.899,3,126.18,22500.0,1295.6631,9.4,0,0,0,0,0,0,2,0,0,2,2,0,1,0,1,0,0,1,0,1,0,0,0,0,MHMLHLYVPR,10,0,2250.0,0.009313560713992062
160,MHFPHLYVPR,53,10,432.8995,3,124.58,3240.0,1295.6597,13.2,0,0,0,0,1,0,2,0,0,1,1,0,2,0,1,0,0,1,0,1,0,0,0,0,MHFPHLYVPR,10,0,324.0,0.0013411527428148571
161,MHFPHLYVPR,52,10,432.899,3,130.34,14500.0,1295.6597,11.9,0,0,0,0,1,0,2,0,0,1,1,0,2,0,1,0,0,1,0,1,0,0,0,0,MHFPHLYVPR,10,0,1450.0,0.006002072460128218
162,EFWLSVQNK,52,9,575.7907,2,75.12,16300.0,1149.5818,-13.0,0,0,0,1,1,0,0,0,1,1,0,1,0,1,0,1,0,1,1,0,0,0,0,0,EFWLSVQNK,9,0,1811.111111111111,0.007496841463608426
163,MHFPHLYVPR,52,10,432.9003,3,98.94,57700.0,1295.6597,14.9,0,0,0,0,1,0,2,0,0,1,1,0,2,0,1,0,0,1,0,1,0,0,0,0,MHFPHLYVPR,10,0,5770.0,0.02388410903099298
164,MHFPHLYPVR,52,10,432.899,3,131.89,39000.0,1295.6597,12.1,0,0,0,0,1,0,2,0,0,1,1,0,2,0,1,0,0,1,0,1,0,0,0,0,MHFPHLYPVR,10,0,3900.0,0.01614350523758624
165,HMLMHLYVPR,52,10,432.9001,3,113.65,1400.0,1295.6631,12.0,0,0,0,0,0,0,2,0,0,2,2,0,1,0,1,0,0,1,0,1,0,0,0,0,HMLMHLYVPR,10,0,140.0,0.0005795104444261728
166,MHMLHRRSTK,52,10,648.8468,2,87.75,24500.0,1295.6704,6.7,0,0,0,0,0,0,2,0,1,1,2,0,0,0,2,1,1,0,0,0,0,0,0,0,MHMLHRRSTK,10,0,2450.0,0.010141432777458024
167,HMLMHLYVPR,52,10,432.9,3,93.11,2490.0,1295.6631,11.6,0,0,0,0,0,0,2,0,0,2,2,0,1,0,1,0,0,1,0,1,0,0,0,0,HMLMHLYVPR,10,0,249.0,0.0010307007190151216
168,NSGM(+15.99)ALSVELK,52,11,582.7984,2,81.81,41300.0,1163.5857,-3.0,1,0,0,1,0,1,0,0,1,2,1,1,0,0,0,2,0,1,0,0,0,1,0,0,NSGMALSVELK,11,1,3754.5454545454545,0.015541416464156452
169,MHMLHLYVPR,52,10,432.8989,3,124.08,29600.0,1295.6631,9.1,0,0,0,0,0,0,2,0,0,2,2,0,1,0,1,0,0,1,0,1,0,0,0,0,MHMLHLYVPR,10,0,2960.0,0.012252506539296224
170,MHLMHLKC(+57.02)VK,52,10,432.8993,3,92.89,3170.0,1295.6665,7.4,0,1,0,0,0,0,2,0,2,2,2,0,0,0,0,0,0,1,0,0,1,0,0,0,MHLMHLKCVK,10,1,317.0,0.0013121772205935483
171,MHMLHLYVPR,51,10,432.9001,3,108.58,85700.0,1295.6631,11.9,0,0,0,0,0,0,2,0,0,2,2,0,1,0,1,0,0,1,0,1,0,0,0,0,MHMLHLYVPR,10,0,8570.0,0.035474317919516433
172,RKPMHLTEER,51,10,432.8999,3,106.06,170000.0,1295.6768,0.8,0,0,0,2,0,0,1,0,1,1,1,0,1,0,2,0,1,0,0,0,0,0,0,0,RKPMHLTEER,10,0,17000.0,0.0703691253946067
173,DGC(+57.02)DN(+.98)DMQLK,51,10,598.7259,2,45.58,5700.0,1195.4485,-9.4,0,1,3,0,0,1,0,0,1,1,1,1,0,1,0,0,0,0,0,0,1,0,1,0,DGCDMQLK,8,2,712.5,0.0029492942260974865
174,WWWWHVVMGSNLSVQNK,51,17,719.6815,3,93.0,674000.0,2156.0413,-8.6,0,0,0,0,0,1,1,0,1,1,1,2,0,1,0,2,0,3,4,0,0,0,0,0,WWWWHVVMGSNLSVQNK,17,0,39647.05882352941,0.16411346199295818
175,MHFPHLYPVR,51,10,432.8993,3,97.93,5060.0,1295.6597,12.7,0,0,0,0,1,0,2,0,0,1,1,0,2,0,1,0,0,1,0,1,0,0,0,0,MHFPHLYPVR,10,0,506.0,0.0020945163205688816
176,MHMLHLYVPR,51,10,432.8999,3,110.71,23700.0,1295.6631,11.5,0,0,0,0,0,0,2,0,0,2,2,0,1,0,1,0,0,1,0,1,0,0,0,0,MHMLHLYVPR,10,0,2370.0,0.00981028395207164
177,MHLMHLTTKGK,50,11,432.9004,3,114.15,3970.0,1295.6843,-3.8,0,0,0,0,0,1,2,0,2,2,2,0,0,0,0,0,2,0,0,0,0,0,0,0,MHLMHLTTKGK,11,0,360.90909090909093,0.0014939327690726663
178,TESPAPAFKK,50,10,538.2905,2,45.39,7010.0,1074.5708,-4.0,2,0,0,1,1,0,0,0,2,0,0,0,2,0,0,1,1,0,0,0,0,0,0,0,TESPAPAFKK,10,0,701.0,0.002901691582448194
179,RQEVHLTEER,50,10,432.8996,3,107.54,65300.0,1295.6582,14.5,0,0,0,3,0,0,1,0,0,1,0,0,0,1,2,0,1,1,0,0,0,0,0,0,RQEVHLTEER,10,0,6530.0,0.02703002287216363
180,WYYHLTTKGK,50,10,432.9004,3,116.85,6330.0,1295.6663,10.0,0,0,0,0,0,1,1,0,2,1,0,0,0,0,0,0,2,0,1,2,0,0,0,0,WYYHLTTKGK,10,0,633.0,0.002620215080869767
181,RQPMHLTEER,50,10,432.8847,3,130.71,78700.0,1295.6404,-6.3,0,0,0,2,0,0,1,0,0,1,1,0,1,1,2,0,1,0,0,0,0,0,0,0,RQPMHLTEER,10,0,7870.0,0.032576765697385573
182,MHLMHLYVPR,50,10,432.9003,3,109.68,24600.0,1295.6631,12.3,0,0,0,0,0,0,2,0,0,2,2,0,1,0,1,0,0,1,0,1,0,0,0,0,MHLMHLYVPR,10,0,2460.0,0.010182826380631322
183,DYKMQK,50,6,406.706,2,79.19,11100.0,811.3898,9.3,0,0,1,0,0,0,0,0,2,0,1,0,0,1,0,0,0,0,0,1,0,0,0,0,DYKMQK,6,0,1850.0,0.0076578165870601405
184,MHMLHLYVPR,50,10,432.9005,3,97.43,1770.0,1295.6631,12.9,0,0,0,0,0,0,2,0,0,2,2,0,1,0,1,0,0,1,0,1,0,0,0,0,MHMLHLYVPR,10,0,177.0,0.0007326667761673756
185,MHLMHLYVPR,50,10,432.8994,3,114.82,947.0,1295.6631,10.2,0,0,0,0,0,0,2,0,0,2,2,0,1,0,1,0,0,1,0,1,0,0,0,0,MHLMHLYVPR,10,0,94.7,0.0003919974220511326
186,LLLPRQFK,50,8,507.8267,2,2.84,,1013.6385,0.3,0,0,0,0,1,0,0,0,1,3,0,0,1,1,1,0,0,0,0,0,0,0,0,0,LLLPRQFK,8,0,,
