,stripped_peptide,NAAF factor,A,C,D,E,F,G,H,K,I,L,M,N,P,Q,R,S,T,V,W,Y,c-carb,m-oxid,n-deam,q-deam,A-NAAF50,C-NAAF50,D-NAAF50,E-NAAF50,F-NAAF50,G-NAAF50,H-NAAF50,I-NAAF50,K-NAAF50,L-NAAF50,M-NAAF50,N-NAAF50,P-NAAF50,Q-NAAF50,R-NAAF50,S-NAAF50,T-NAAF50,V-NAAF50,W-NAAF50,Y-NAAF50,ccarb-NAAF50,moxid-NAAF50,ndeam-NAAF50,qdeam-NAAF50
0,VLEGNEQFLNAAK,0.21109204336677687,2,0,0,2,1,1,0,1,0,2,0,2,0,1,0,0,0,1,0,0,0,0,0,0,0.42218408673355373,0.0,0.0,0.42218408673355373,0.21109204336677687,0.21109204336677687,0.0,0.0,0.21109204336677687,0.42218408673355373,0.0,0.42218408673355373,0.0,0.21109204336677687,0.0,0.0,0.0,0.21109204336677687,0.0,0.0,0.0,0.0,0.0,0.0
1,VLEGNEQFLNAAK,0.21109204336677687,2,0,0,2,1,1,0,1,0,2,0,2,0,1,0,0,0,1,0,0,0,0,0,0,0.42218408673355373,0.0,0.0,0.42218408673355373,0.21109204336677687,0.21109204336677687,0.0,0.0,0.21109204336677687,0.42218408673355373,0.0,0.42218408673355373,0.0,0.21109204336677687,0.0,0.0,0.0,0.21109204336677687,0.0,0.0,0.0,0.0,0.0,0.0
2,SPATLNSR,0.08088363451447167,1,0,0,0,0,0,0,0,0,1,0,1,1,0,1,2,1,0,0,0,0,0,0,0,0.08088363451447167,0.0,0.0,0.0,0.0,0.0,0.0,0.0,0.0,0.08088363451447167,0.0,0.08088363451447167,0.08088363451447167,0.0,0.08088363451447167,0.16176726902894334,0.08088363451447167,0.0,0.0,0.0,0.0,0.0,0.0,0.0
3,SCK,0.03835638378903139,0,2,0,1,0,0,0,1,0,1,0,0,0,0,0,2,0,0,0,0,2,0,0,0,0.0,0.07671276757806278,0.0,0.03835638378903139,0.0,0.0,0.0,0.0,0.03835638378903139,0.03835638378903139,0.0,0.0,0.0,0.0,0.0,0.07671276757806278,0.0,0.0,0.0,0.0,0.07671276757806278,0.0,0.0,0.0
4,SPATLNSR,0.08088363451447167,1,0,0,0,0,0,0,0,0,1,0,1,1,0,1,2,1,0,0,0,0,0,0,0,0.08088363451447167,0.0,0.0,0.0,0.0,0.0,0.0,0.0,0.0,0.08088363451447167,0.0,0.08088363451447167,0.08088363451447167,0.0,0.08088363451447167,0.16176726902894334,0.08088363451447167,0.0,0.0,0.0,0.0,0.0,0.0,0.0
5,LSSPATLNSR,6.7825312797677455,1,0,0,0,0,0,0,0,0,2,0,1,1,0,1,3,1,0,0,0,0,0,0,0,6.7825312797677455,0.0,0.0,0.0,0.0,0.0,0.0,0.0,0.0,13.565062559535491,0.0,6.7825312797677455,6.7825312797677455,0.0,6.7825312797677455,20.347593839303237,6.7825312797677455,0.0,0.0,0.0,0.0,0.0,0.0,0.0
6,KMLNAAK,0.04699882101908027,2,0,0,0,0,0,0,2,0,1,1,1,0,0,0,0,0,0,0,0,0,1,0,0,0.09399764203816054,0.0,0.0,0.0,0.0,0.0,0.0,0.0,0.09399764203816054,0.04699882101908027,0.04699882101908027,0.04699882101908027,0.0,0.0,0.0,0.0,0.0,0.0,0.0,0.0,0.0,0.04699882101908027,0.0,0.0
7,LAADDFR,0.027174673764586696,2,0,2,0,1,0,0,0,0,1,0,0,0,0,1,0,0,0,0,0,0,0,0,0,0.05434934752917339,0.0,0.05434934752917339,0.0,0.027174673764586696,0.0,0.0,0.0,0.0,0.027174673764586696,0.0,0.0,0.0,0.0,0.027174673764586696,0.0,0.0,0.0,0.0,0.0,0.0,0.0,0.0,0.0
8,LSSPATLNSR,6.7825312797677455,1,0,0,0,0,0,0,0,0,2,0,1,1,0,1,3,1,0,0,0,0,0,0,0,6.7825312797677455,0.0,0.0,0.0,0.0,0.0,0.0,0.0,0.0,13.565062559535491,0.0,6.7825312797677455,6.7825312797677455,0.0,6.7825312797677455,20.347593839303237,6.7825312797677455,0.0,0.0,0.0,0.0,0.0,0.0,0.0
9,LSSPATLNSR,6.7825312797677455,1,0,0,0,0,0,0,0,0,2,0,1,1,0,1,3,1,0,0,0,0,0,0,0,6.7825312797677455,0.0,0.0,0.0,0.0,0.0,0.0,0.0,0.0,13.565062559535491,0.0,6.7825312797677455,6.7825312797677455,0.0,6.7825312797677455,20.347593839303237,6.7825312797677455,0.0,0.0,0.0,0.0,0.0,0.0,0.0
10,SPATLNSR,0.08088363451447167,1,0,0,0,0,0,0,0,0,1,0,1,1,0,1,2,1,0,0,0,0,0,0,0,0.08088363451447167,0.0,0.0,0.0,0.0,0.0,0.0,0.0,0.0,0.08088363451447167,0.0,0.08088363451447167,0.08088363451447167,0.0,0.08088363451447167,0.16176726902894334,0.08088363451447167,0.0,0.0,0.0,0.0,0.0,0.0,0.0
11,LATVLSPR,4.053926741930146,1,0,0,0,0,0,0,0,0,2,0,0,1,0,1,1,1,1,0,0,0,0,0,0,4.053926741930146,0.0,0.0,0.0,0.0,0.0,0.0,0.0,0.0,8.107853483860293,0.0,0.0,4.053926741930146,0.0,4.053926741930146,4.053926741930146,4.053926741930146,4.053926741930146,0.0,0.0,0.0,0.0,0.0,0.0
12,LDVLEGNEKMLNAAK,0.08097458799906626,2,0,1,2,0,1,0,2,0,3,1,2,0,0,0,0,0,1,0,0,0,1,0,0,0.16194917599813252,0.0,0.08097458799906626,0.16194917599813252,0.0,0.08097458799906626,0.0,0.0,0.16194917599813252,0.24292376399719878,0.08097458799906626,0.16194917599813252,0.0,0.0,0.0,0.0,0.0,0.08097458799906626,0.0,0.0,0.0,0.08097458799906626,0.0,0.0
13,LATVLSPR,4.053926741930146,1,0,0,0,0,0,0,0,0,2,0,0,1,0,1,1,1,1,0,0,0,0,0,0,4.053926741930146,0.0,0.0,0.0,0.0,0.0,0.0,0.0,0.0,8.107853483860293,0.0,0.0,4.053926741930146,0.0,4.053926741930146,4.053926741930146,4.053926741930146,4.053926741930146,0.0,0.0,0.0,0.0,0.0,0.0
14,SCK,0.03835638378903139,0,2,0,1,0,0,0,1,0,1,0,0,0,0,0,2,0,0,0,0,2,0,0,0,0.0,0.07671276757806278,0.0,0.03835638378903139,0.0,0.0,0.0,0.0,0.03835638378903139,0.03835638378903139,0.0,0.0,0.0,0.0,0.0,0.07671276757806278,0.0,0.0,0.0,0.0,0.07671276757806278,0.0,0.0,0.0
15,EGNEQFLNAAK,0.1715122852355062,2,0,0,2,1,1,0,1,0,1,0,2,0,1,0,0,0,0,0,0,0,0,0,0,0.3430245704710124,0.0,0.0,0.3430245704710124,0.1715122852355062,0.1715122852355062,0.0,0.0,0.1715122852355062,0.1715122852355062,0.0,0.3430245704710124,0.0,0.1715122852355062,0.0,0.0,0.0,0.0,0.0,0.0,0.0,0.0,0.0,0.0
16,VVTVSLPR,10.466147405848504,0,0,0,0,0,0,0,0,0,1,0,0,1,0,1,1,1,3,0,0,0,0,0,0,0.0,0.0,0.0,0.0,0.0,0.0,0.0,0.0,0.0,10.466147405848504,0.0,0.0,10.466147405848504,0.0,10.466147405848504,10.466147405848504,10.466147405848504,31.398442217545515,0.0,0.0,0.0,0.0,0.0,0.0
17,VVTVSLPR,10.466147405848504,0,0,0,0,0,0,0,0,0,1,0,0,1,0,1,1,1,3,0,0,0,0,0,0,0.0,0.0,0.0,0.0,0.0,0.0,0.0,0.0,0.0,10.466147405848504,0.0,0.0,10.466147405848504,0.0,10.466147405848504,10.466147405848504,10.466147405848504,31.398442217545515,0.0,0.0,0.0,0.0,0.0,0.0
18,VVTVSLPR,10.466147405848504,0,0,0,0,0,0,0,0,0,1,0,0,1,0,1,1,1,3,0,0,0,0,0,0,0.0,0.0,0.0,0.0,0.0,0.0,0.0,0.0,0.0,10.466147405848504,0.0,0.0,10.466147405848504,0.0,10.466147405848504,10.466147405848504,10.466147405848504,31.398442217545515,0.0,0.0,0.0,0.0,0.0,0.0
19,VATVSPLR,16.70295777804873,1,0,0,0,0,0,0,0,0,1,0,0,1,0,1,1,1,2,0,0,0,0,0,0,16.70295777804873,0.0,0.0,0.0,0.0,0.0,0.0,0.0,0.0,16.70295777804873,0.0,0.0,16.70295777804873,0.0,16.70295777804873,16.70295777804873,16.70295777804873,33.40591555609746,0.0,0.0,0.0,0.0,0.0,0.0
20,VTMR,0.017852869690423146,0,0,2,1,0,0,0,0,0,1,1,1,0,0,1,0,1,1,0,0,0,1,1,0,0.0,0.0,0.03570573938084629,0.017852869690423146,0.0,0.0,0.0,0.0,0.0,0.017852869690423146,0.017852869690423146,0.017852869690423146,0.0,0.0,0.017852869690423146,0.0,0.017852869690423146,0.017852869690423146,0.0,0.0,0.0,0.017852869690423146,0.017852869690423146,0.0
21,SPATLNSR,0.06022420015655843,1,0,0,0,0,0,0,0,0,1,0,1,1,0,1,2,1,0,0,0,0,0,0,0,0.06022420015655843,0.0,0.0,0.0,0.0,0.0,0.0,0.0,0.0,0.06022420015655843,0.0,0.06022420015655843,0.06022420015655843,0.0,0.06022420015655843,0.12044840031311686,0.06022420015655843,0.0,0.0,0.0,0.0,0.0,0.0,0.0
22,VATVSPLR,16.70295777804873,1,0,0,0,0,0,0,0,0,1,0,0,1,0,1,1,1,2,0,0,0,0,0,0,16.70295777804873,0.0,0.0,0.0,0.0,0.0,0.0,0.0,0.0,16.70295777804873,0.0,0.0,16.70295777804873,0.0,16.70295777804873,16.70295777804873,16.70295777804873,33.40591555609746,0.0,0.0,0.0,0.0,0.0,0.0
23,WEAWFDEK,0.006139360210134597,1,0,1,2,1,0,0,1,0,0,0,0,0,0,0,0,0,0,2,0,0,0,0,0,0.006139360210134597,0.0,0.006139360210134597,0.012278720420269194,0.006139360210134597,0.0,0.0,0.0,0.006139360210134597,0.0,0.0,0.0,0.0,0.0,0.0,0.0,0.0,0.0,0.012278720420269194,0.0,0.0,0.0,0.0,0.0
24,VATVSPLR,16.70295777804873,1,0,0,0,0,0,0,0,0,1,0,0,1,0,1,1,1,2,0,0,0,0,0,0,16.70295777804873,0.0,0.0,0.0,0.0,0.0,0.0,0.0,0.0,16.70295777804873,0.0,0.0,16.70295777804873,0.0,16.70295777804873,16.70295777804873,16.70295777804873,33.40591555609746,0.0,0.0,0.0,0.0,0.0,0.0
25,LATVLSPR,4.053926741930146,1,0,0,0,0,0,0,0,0,2,0,0,1,0,1,1,1,1,0,0,0,0,0,0,4.053926741930146,0.0,0.0,0.0,0.0,0.0,0.0,0.0,0.0,8.107853483860293,0.0,0.0,4.053926741930146,0.0,4.053926741930146,4.053926741930146,4.053926741930146,4.053926741930146,0.0,0.0,0.0,0.0,0.0,0.0
26,VATVSPLR,16.70295777804873,1,0,0,0,0,0,0,0,0,1,0,0,1,0,1,1,1,2,0,0,0,0,0,0,16.70295777804873,0.0,0.0,0.0,0.0,0.0,0.0,0.0,0.0,16.70295777804873,0.0,0.0,16.70295777804873,0.0,16.70295777804873,16.70295777804873,16.70295777804873,33.40591555609746,0.0,0.0,0.0,0.0,0.0,0.0
27,SSPATLNDK,0.023734528360873083,1,0,1,0,0,0,0,1,0,1,0,1,1,0,0,2,1,0,0,0,0,0,0,0,0.023734528360873083,0.0,0.023734528360873083,0.0,0.0,0.0,0.0,0.0,0.023734528360873083,0.023734528360873083,0.0,0.023734528360873083,0.023734528360873083,0.0,0.0,0.047469056721746165,0.023734528360873083,0.0,0.0,0.0,0.0,0.0,0.0,0.0
28,LLSGWGNTK,0.05717076174516873,0,0,0,0,0,2,0,1,0,2,0,1,0,0,0,1,1,0,1,0,0,0,0,0,0.0,0.0,0.0,0.0,0.0,0.11434152349033747,0.0,0.0,0.05717076174516873,0.11434152349033747,0.0,0.05717076174516873,0.0,0.0,0.0,0.05717076174516873,0.05717076174516873,0.0,0.05717076174516873,0.0,0.0,0.0,0.0,0.0
29,VATVSPLR,16.70295777804873,1,0,0,0,0,0,0,0,0,1,0,0,1,0,1,1,1,2,0,0,0,0,0,0,16.70295777804873,0.0,0.0,0.0,0.0,0.0,0.0,0.0,0.0,16.70295777804873,0.0,0.0,16.70295777804873,0.0,16.70295777804873,16.70295777804873,16.70295777804873,33.40591555609746,0.0,0.0,0.0,0.0,0.0,0.0
30,NGQQFLNAAK,0.08996598961898826,2,0,0,0,1,1,0,1,0,1,0,2,0,2,0,0,0,0,0,0,0,0,0,1,0.17993197923797652,0.0,0.0,0.0,0.08996598961898826,0.08996598961898826,0.0,0.0,0.08996598961898826,0.08996598961898826,0.0,0.17993197923797652,0.0,0.17993197923797652,0.0,0.0,0.0,0.0,0.0,0.0,0.0,0.0,0.0,0.08996598961898826
31,VATVSPLR,16.70295777804873,1,0,0,0,0,0,0,0,0,1,0,0,1,0,1,1,1,2,0,0,0,0,0,0,16.70295777804873,0.0,0.0,0.0,0.0,0.0,0.0,0.0,0.0,16.70295777804873,0.0,0.0,16.70295777804873,0.0,16.70295777804873,16.70295777804873,16.70295777804873,33.40591555609746,0.0,0.0,0.0,0.0,0.0,0.0
32,VAEVSLPR,0.0662661102046274,1,0,0,1,0,0,0,0,0,1,0,0,1,0,1,1,0,2,0,0,0,0,0,0,0.0662661102046274,0.0,0.0,0.0662661102046274,0.0,0.0,0.0,0.0,0.0,0.0662661102046274,0.0,0.0,0.0662661102046274,0.0,0.0662661102046274,0.0662661102046274,0.0,0.1325322204092548,0.0,0.0,0.0,0.0,0.0,0.0
33,SSPATLNDK,0.01654487195958671,1,0,1,0,0,0,0,1,0,1,0,1,1,0,0,2,1,0,0,0,0,0,0,0,0.01654487195958671,0.0,0.01654487195958671,0.0,0.0,0.0,0.0,0.0,0.01654487195958671,0.01654487195958671,0.0,0.01654487195958671,0.01654487195958671,0.0,0.0,0.03308974391917342,0.01654487195958671,0.0,0.0,0.0,0.0,0.0,0.0,0.0
34,VVTVLSPR,10.466147405848504,0,0,0,0,0,0,0,0,0,1,0,0,1,0,1,1,1,3,0,0,0,0,0,0,0.0,0.0,0.0,0.0,0.0,0.0,0.0,0.0,0.0,10.466147405848504,0.0,0.0,10.466147405848504,0.0,10.466147405848504,10.466147405848504,10.466147405848504,31.398442217545515,0.0,0.0,0.0,0.0,0.0,0.0
35,RSQMLNAAK,0.04209847001235152,2,0,0,0,0,0,0,1,0,1,1,1,0,1,1,1,0,0,0,0,0,1,0,0,0.08419694002470304,0.0,0.0,0.0,0.0,0.0,0.0,0.0,0.04209847001235152,0.04209847001235152,0.04209847001235152,0.04209847001235152,0.0,0.04209847001235152,0.04209847001235152,0.04209847001235152,0.0,0.0,0.0,0.0,0.0,0.04209847001235152,0.0,0.0
36,VVTVSLPR,,0,0,0,0,0,0,0,0,0,1,0,0,1,0,1,1,1,3,0,0,0,0,0,0,,,,,,,,,,,,,,,,,,,,,,,,
37,VVTVSLPR,10.466147405848504,0,0,0,0,0,0,0,0,0,1,0,0,1,0,1,1,1,3,0,0,0,0,0,0,0.0,0.0,0.0,0.0,0.0,0.0,0.0,0.0,0.0,10.466147405848504,0.0,0.0,10.466147405848504,0.0,10.466147405848504,10.466147405848504,10.466147405848504,31.398442217545515,0.0,0.0,0.0,0.0,0.0,0.0
38,CLVDLHLGPK,0.23855799673665862,0,1,2,0,0,2,1,1,0,3,0,1,1,1,0,0,0,1,0,0,1,0,0,1,0.0,0.23855799673665862,0.47711599347331723,0.0,0.0,0.47711599347331723,0.23855799673665862,0.0,0.23855799673665862,0.7156739902099758,0.0,0.23855799673665862,0.23855799673665862,0.23855799673665862,0.0,0.0,0.0,0.23855799673665862,0.0,0.0,0.23855799673665862,0.0,0.0,0.23855799673665862
39,LDVLEGNEQFLNAAK,0.08097458799906626,2,0,1,2,1,1,0,1,0,3,0,2,0,1,0,0,0,1,0,0,0,0,0,0,0.16194917599813252,0.0,0.08097458799906626,0.16194917599813252,0.08097458799906626,0.08097458799906626,0.0,0.0,0.08097458799906626,0.24292376399719878,0.0,0.16194917599813252,0.0,0.08097458799906626,0.0,0.0,0.0,0.08097458799906626,0.0,0.0,0.0,0.0,0.0,0.0
40,TLLEGEESR,0.018017452186356205,0,0,0,3,0,1,0,0,0,2,0,0,0,0,1,1,1,0,0,0,0,0,0,0,0.0,0.0,0.0,0.054052356559068614,0.0,0.018017452186356205,0.0,0.0,0.0,0.03603490437271241,0.0,0.0,0.0,0.0,0.018017452186356205,0.018017452186356205,0.018017452186356205,0.0,0.0,0.0,0.0,0.0,0.0,0.0
41,NNLMLLK,0.0051453685570651865,0,0,0,0,0,0,0,1,0,3,1,2,0,0,0,0,0,0,0,0,0,0,1,0,0.0,0.0,0.0,0.0,0.0,0.0,0.0,0.0,0.0051453685570651865,0.01543610567119556,0.0051453685570651865,0.010290737114130373,0.0,0.0,0.0,0.0,0.0,0.0,0.0,0.0,0.0,0.0,0.0051453685570651865,0.0
42,LSGWGNTK,0.06607120988049614,0,0,0,0,0,2,0,1,0,1,0,1,0,0,0,1,1,0,1,0,0,0,0,0,0.0,0.0,0.0,0.0,0.0,0.13214241976099228,0.0,0.0,0.06607120988049614,0.06607120988049614,0.0,0.06607120988049614,0.0,0.0,0.0,0.06607120988049614,0.06607120988049614,0.0,0.06607120988049614,0.0,0.0,0.0,0.0,0.0
43,LLSGSVGNTR,0.18710431116600676,0,0,0,0,0,2,0,0,0,2,0,1,0,0,1,2,1,1,0,0,0,0,0,0,0.0,0.0,0.0,0.0,0.0,0.3742086223320135,0.0,0.0,0.0,0.3742086223320135,0.0,0.18710431116600676,0.0,0.0,0.18710431116600676,0.3742086223320135,0.18710431116600676,0.18710431116600676,0.0,0.0,0.0,0.0,0.0,0.0
44,APVLSDSSCK,0.020425553968955738,1,1,1,0,0,0,0,1,0,1,0,0,1,0,0,3,0,1,0,0,1,0,0,0,0.020425553968955738,0.020425553968955738,0.020425553968955738,0.0,0.0,0.0,0.0,0.0,0.020425553968955738,0.020425553968955738,0.0,0.0,0.020425553968955738,0.0,0.0,0.061276661906867216,0.0,0.020425553968955738,0.0,0.0,0.020425553968955738,0.0,0.0,0.0
45,LATVLSPR,4.053926741930146,1,0,0,0,0,0,0,0,0,2,0,0,1,0,1,1,1,1,0,0,0,0,0,0,4.053926741930146,0.0,0.0,0.0,0.0,0.0,0.0,0.0,0.0,8.107853483860293,0.0,0.0,4.053926741930146,0.0,4.053926741930146,4.053926741930146,4.053926741930146,4.053926741930146,0.0,0.0,0.0,0.0,0.0,0.0
46,GYGCAKR,0.004944899652244465,1,1,0,0,0,2,0,1,0,0,0,0,0,0,1,0,0,0,0,1,1,0,0,0,0.004944899652244465,0.004944899652244465,0.0,0.0,0.0,0.00988979930448893,0.0,0.0,0.004944899652244465,0.0,0.0,0.0,0.0,0.0,0.004944899652244465,0.0,0.0,0.0,0.0,0.004944899652244465,0.004944899652244465,0.0,0.0,0.0
47,QQLSGWGNTR,0.09464359739813842,0,0,0,0,0,2,0,0,0,1,0,1,0,2,1,1,1,0,1,0,0,0,0,0,0.0,0.0,0.0,0.0,0.0,0.18928719479627684,0.0,0.0,0.0,0.09464359739813842,0.0,0.09464359739813842,0.0,0.18928719479627684,0.09464359739813842,0.09464359739813842,0.09464359739813842,0.0,0.09464359739813842,0.0,0.0,0.0,0.0,0.0
48,LNDALSLR,0.005515679172914575,1,0,1,0,0,0,0,0,0,3,0,1,0,0,1,1,0,0,0,0,0,0,0,0,0.005515679172914575,0.0,0.005515679172914575,0.0,0.0,0.0,0.0,0.0,0.0,0.016547037518743726,0.0,0.005515679172914575,0.0,0.0,0.005515679172914575,0.005515679172914575,0.0,0.0,0.0,0.0,0.0,0.0,0.0,0.0
49,CLLSGSVGNTR,0.10715974184962204,0,1,0,0,0,2,0,0,0,2,0,1,0,0,1,2,1,1,0,0,1,0,0,0,0.0,0.10715974184962204,0.0,0.0,0.0,0.21431948369924408,0.0,0.0,0.0,0.21431948369924408,0.0,0.10715974184962204,0.0,0.0,0.10715974184962204,0.21431948369924408,0.10715974184962204,0.10715974184962204,0.0,0.0,0.10715974184962204,0.0,0.0,0.0
50,QFLNAAK,0.04699882101908027,2,0,0,0,1,0,0,1,0,1,0,1,0,1,0,0,0,0,0,0,0,0,0,0,0.09399764203816054,0.0,0.0,0.0,0.04699882101908027,0.0,0.0,0.0,0.04699882101908027,0.04699882101908027,0.0,0.04699882101908027,0.0,0.04699882101908027,0.0,0.0,0.0,0.0,0.0,0.0,0.0,0.0,0.0,0.0
51,LSGSVGNTR,0.36554638570395764,0,0,0,0,0,2,0,0,0,1,0,1,0,0,1,2,1,1,0,0,0,0,0,0,0.0,0.0,0.0,0.0,0.0,0.7310927714079153,0.0,0.0,0.0,0.36554638570395764,0.0,0.36554638570395764,0.0,0.0,0.36554638570395764,0.7310927714079153,0.36554638570395764,0.36554638570395764,0.0,0.0,0.0,0.0,0.0,0.0
52,CLLSGWGNTK,0.05332472868231193,3,2,0,1,0,3,0,1,0,2,0,1,0,0,0,2,2,0,1,0,2,0,0,0,0.1599741860469358,0.10664945736462386,0.0,0.05332472868231193,0.0,0.1599741860469358,0.0,0.0,0.05332472868231193,0.10664945736462386,0.0,0.05332472868231193,0.0,0.0,0.0,0.10664945736462386,0.10664945736462386,0.0,0.05332472868231193,0.0,0.10664945736462386,0.0,0.0,0.0
53,DCLLSGWKATK,0.16867737142996064,2,2,1,1,0,2,0,2,0,2,0,1,0,0,0,1,2,0,1,0,2,0,0,0,0.3373547428599213,0.3373547428599213,0.16867737142996064,0.16867737142996064,0.0,0.3373547428599213,0.0,0.0,0.3373547428599213,0.3373547428599213,0.0,0.16867737142996064,0.0,0.0,0.0,0.16867737142996064,0.3373547428599213,0.0,0.16867737142996064,0.0,0.3373547428599213,0.0,0.0,0.0
54,VATVSPLR,,1,0,0,0,0,0,0,0,0,1,0,0,1,0,1,1,1,2,0,0,0,0,0,0,,,,,,,,,,,,,,,,,,,,,,,,
55,MEK,0.30248530305171095,0,0,0,1,0,0,0,2,0,2,2,1,0,0,0,0,0,1,0,0,0,2,1,0,0.0,0.0,0.0,0.30248530305171095,0.0,0.0,0.0,0.0,0.6049706061034219,0.6049706061034219,0.6049706061034219,0.30248530305171095,0.0,0.0,0.0,0.0,0.0,0.30248530305171095,0.0,0.0,0.0,0.6049706061034219,0.30248530305171095,0.0
56,MCETGAASGR,0.11553691214500918,2,1,0,1,0,2,0,0,0,0,1,0,0,0,1,1,1,0,0,0,1,0,0,0,0.23107382429001835,0.11553691214500918,0.0,0.11553691214500918,0.0,0.23107382429001835,0.0,0.0,0.0,0.0,0.11553691214500918,0.0,0.0,0.0,0.11553691214500918,0.11553691214500918,0.11553691214500918,0.0,0.0,0.0,0.11553691214500918,0.0,0.0,0.0
57,MVDLAWFK,0.304044505644761,1,0,1,0,1,0,0,1,0,1,1,0,0,0,0,0,0,1,1,0,0,0,0,0,0.304044505644761,0.0,0.304044505644761,0.0,0.304044505644761,0.0,0.0,0.0,0.304044505644761,0.304044505644761,0.304044505644761,0.0,0.0,0.0,0.0,0.0,0.0,0.304044505644761,0.304044505644761,0.0,0.0,0.0,0.0,0.0
58,AFGSNLSVQNK,0.0742747417052936,1,0,0,0,1,1,0,1,0,1,0,2,0,1,0,2,0,1,0,0,0,0,0,0,0.0742747417052936,0.0,0.0,0.0,0.0742747417052936,0.0742747417052936,0.0,0.0,0.0742747417052936,0.0742747417052936,0.0,0.1485494834105872,0.0,0.0742747417052936,0.0,0.1485494834105872,0.0,0.0742747417052936,0.0,0.0,0.0,0.0,0.0,0.0
59,HHLSDSVDVR,0.08170221587582295,0,0,2,0,0,0,2,0,0,1,0,0,0,0,1,2,0,2,0,0,0,0,0,0,0.0,0.0,0.1634044317516459,0.0,0.0,0.0,0.1634044317516459,0.0,0.0,0.08170221587582295,0.0,0.0,0.0,0.0,0.08170221587582295,0.1634044317516459,0.0,0.1634044317516459,0.0,0.0,0.0,0.0,0.0,0.0
60,LATVLSPR,4.053926741930146,1,0,0,0,0,0,0,0,0,2,0,0,1,0,1,1,1,1,0,0,0,0,0,0,4.053926741930146,0.0,0.0,0.0,0.0,0.0,0.0,0.0,0.0,8.107853483860293,0.0,0.0,4.053926741930146,0.0,4.053926741930146,4.053926741930146,4.053926741930146,4.053926741930146,0.0,0.0,0.0,0.0,0.0,0.0
61,MLAAMMK,0.12963655845073327,2,0,0,0,0,0,0,1,0,2,3,1,0,0,0,0,0,1,0,0,0,1,1,0,0.25927311690146654,0.0,0.0,0.0,0.0,0.0,0.0,0.0,0.12963655845073327,0.25927311690146654,0.3889096753521998,0.12963655845073327,0.0,0.0,0.0,0.0,0.0,0.12963655845073327,0.0,0.0,0.0,0.12963655845073327,0.12963655845073327,0.0
62,LFEEENEVLETK,0.008237787033281131,0,0,0,5,1,0,0,1,0,2,0,1,0,0,0,0,1,1,0,0,0,0,1,0,0.0,0.0,0.0,0.041188935166405656,0.008237787033281131,0.0,0.0,0.0,0.008237787033281131,0.016475574066562262,0.0,0.008237787033281131,0.0,0.0,0.0,0.0,0.008237787033281131,0.008237787033281131,0.0,0.0,0.0,0.0,0.008237787033281131,0.0
63,GFGSNLSVQNK,0.036003405330428576,0,0,0,0,1,2,0,1,0,1,0,2,0,1,0,2,0,1,0,0,0,0,0,0,0.0,0.0,0.0,0.0,0.036003405330428576,0.07200681066085715,0.0,0.0,0.036003405330428576,0.036003405330428576,0.0,0.07200681066085715,0.0,0.036003405330428576,0.0,0.07200681066085715,0.0,0.036003405330428576,0.0,0.0,0.0,0.0,0.0,0.0
64,MK,0.4560667584671415,0,0,1,2,0,1,0,2,0,2,2,1,0,0,0,0,0,1,0,0,0,2,0,0,0.0,0.0,0.4560667584671415,0.912133516934283,0.0,0.4560667584671415,0.0,0.0,0.912133516934283,0.912133516934283,0.912133516934283,0.4560667584671415,0.0,0.0,0.0,0.0,0.0,0.4560667584671415,0.0,0.0,0.0,0.912133516934283,0.0,0.0
65,CLLSGWGNTK,0.034458377306406246,0,1,0,0,0,2,0,1,0,2,0,1,0,0,0,1,1,0,1,0,1,0,0,0,0.0,0.034458377306406246,0.0,0.0,0.0,0.06891675461281249,0.0,0.0,0.034458377306406246,0.06891675461281249,0.0,0.034458377306406246,0.0,0.0,0.0,0.034458377306406246,0.034458377306406246,0.0,0.034458377306406246,0.0,0.034458377306406246,0.0,0.0,0.0
66,ETMVGTECLLSGWGAATK,0.10308061587386484,2,1,0,2,0,3,0,1,0,2,1,0,0,0,0,1,3,1,1,0,1,0,0,0,0.20616123174772968,0.10308061587386484,0.0,0.20616123174772968,0.0,0.3092418476215945,0.0,0.0,0.10308061587386484,0.20616123174772968,0.10308061587386484,0.0,0.0,0.0,0.0,0.10308061587386484,0.3092418476215945,0.10308061587386484,0.10308061587386484,0.0,0.10308061587386484,0.0,0.0,0.0
67,MVDLAAVYK,0.27026178279534313,2,0,1,0,0,0,0,1,0,1,1,0,0,0,0,0,0,2,0,1,0,0,0,0,0.5405235655906863,0.0,0.27026178279534313,0.0,0.0,0.0,0.0,0.0,0.27026178279534313,0.27026178279534313,0.27026178279534313,0.0,0.0,0.0,0.0,0.0,0.0,0.5405235655906863,0.0,0.27026178279534313,0.0,0.0,0.0,0.0
68,VPGVSLPR,0.6685081117702116,0,0,0,0,0,1,0,0,0,1,0,0,2,0,1,1,0,2,0,0,0,0,0,0,0.0,0.0,0.0,0.0,0.0,0.6685081117702116,0.0,0.0,0.0,0.6685081117702116,0.0,0.0,1.3370162235404233,0.0,0.6685081117702116,0.6685081117702116,0.0,1.3370162235404233,0.0,0.0,0.0,0.0,0.0,0.0
69,MDLGSFK,0.28288389902479594,0,0,1,0,1,1,0,1,0,1,1,0,0,0,0,1,0,0,0,0,0,0,0,0,0.0,0.0,0.28288389902479594,0.0,0.28288389902479594,0.28288389902479594,0.0,0.0,0.28288389902479594,0.28288389902479594,0.28288389902479594,0.0,0.0,0.0,0.0,0.28288389902479594,0.0,0.0,0.0,0.0,0.0,0.0,0.0,0.0
70,RMCLLSGWGNTR,0.024687374389959226,0,1,0,0,0,2,0,0,0,2,1,1,0,0,2,1,1,0,1,0,1,0,0,0,0.0,0.024687374389959226,0.0,0.0,0.0,0.04937474877991845,0.0,0.0,0.0,0.04937474877991845,0.024687374389959226,0.024687374389959226,0.0,0.0,0.04937474877991845,0.024687374389959226,0.024687374389959226,0.0,0.024687374389959226,0.0,0.024687374389959226,0.0,0.0,0.0
71,MSK,0.304044505644761,1,0,1,0,0,1,0,1,0,2,2,1,0,1,0,1,0,2,0,0,0,2,0,1,0.304044505644761,0.0,0.304044505644761,0.0,0.0,0.304044505644761,0.0,0.0,0.304044505644761,0.608089011289522,0.608089011289522,0.304044505644761,0.0,0.304044505644761,0.0,0.304044505644761,0.0,0.608089011289522,0.0,0.0,0.0,0.608089011289522,0.0,0.304044505644761
72,CLLSGWGNTK,0.034458377306406246,0,1,0,0,0,2,0,1,0,2,0,1,0,0,0,1,1,0,1,0,1,0,0,0,0.0,0.034458377306406246,0.0,0.0,0.0,0.06891675461281249,0.0,0.0,0.034458377306406246,0.06891675461281249,0.0,0.034458377306406246,0.0,0.0,0.0,0.034458377306406246,0.034458377306406246,0.0,0.034458377306406246,0.0,0.034458377306406246,0.0,0.0,0.0
73,SSPATLNDK,0.01654487195958671,1,0,1,0,0,0,0,1,0,1,0,1,1,0,0,2,1,0,0,0,0,0,0,0,0.01654487195958671,0.0,0.01654487195958671,0.0,0.0,0.0,0.0,0.0,0.01654487195958671,0.01654487195958671,0.0,0.01654487195958671,0.01654487195958671,0.0,0.0,0.03308974391917342,0.01654487195958671,0.0,0.0,0.0,0.0,0.0,0.0,0.0
74,QQLSGWGNTR,0.09464359739813842,0,0,0,0,0,2,0,0,0,1,0,1,0,2,1,1,1,0,1,0,0,0,0,0,0.0,0.0,0.0,0.0,0.0,0.18928719479627684,0.0,0.0,0.0,0.09464359739813842,0.0,0.09464359739813842,0.0,0.18928719479627684,0.09464359739813842,0.09464359739813842,0.09464359739813842,0.0,0.09464359739813842,0.0,0.0,0.0,0.0,0.0
75,FQNGELVNAYEGPK,0.1703985690976133,1,0,0,2,1,2,0,1,0,1,0,2,1,1,0,0,0,1,0,1,0,0,1,0,0.1703985690976133,0.0,0.0,0.3407971381952266,0.1703985690976133,0.3407971381952266,0.0,0.0,0.1703985690976133,0.1703985690976133,0.0,0.3407971381952266,0.1703985690976133,0.1703985690976133,0.0,0.0,0.0,0.1703985690976133,0.0,0.1703985690976133,0.0,0.0,0.1703985690976133,0.0
76,VTTVSLPR,0.009628076012084099,0,0,0,0,0,0,0,0,0,1,0,0,1,0,1,1,2,2,0,0,0,0,0,0,0.0,0.0,0.0,0.0,0.0,0.0,0.0,0.0,0.0,0.009628076012084099,0.0,0.0,0.009628076012084099,0.0,0.009628076012084099,0.009628076012084099,0.019256152024168197,0.019256152024168197,0.0,0.0,0.0,0.0,0.0,0.0
77,MDLGSFK,0.28288389902479594,0,0,1,0,1,1,0,1,0,1,1,0,0,0,0,1,0,0,0,0,0,0,0,0,0.0,0.0,0.28288389902479594,0.0,0.28288389902479594,0.28288389902479594,0.0,0.0,0.28288389902479594,0.28288389902479594,0.28288389902479594,0.0,0.0,0.0,0.0,0.28288389902479594,0.0,0.0,0.0,0.0,0.0,0.0,0.0,0.0
78,MDLGSFK,0.28288389902479594,0,0,1,0,1,1,0,1,0,1,1,0,0,0,0,1,0,0,0,0,0,0,0,0,0.0,0.0,0.28288389902479594,0.0,0.28288389902479594,0.28288389902479594,0.0,0.0,0.28288389902479594,0.28288389902479594,0.28288389902479594,0.0,0.0,0.0,0.0,0.28288389902479594,0.0,0.0,0.0,0.0,0.0,0.0,0.0,0.0
79,VPGVSLPR,0.6685081117702116,0,0,0,0,0,1,0,0,0,1,0,0,2,0,1,1,0,2,0,0,0,0,0,0,0.0,0.0,0.0,0.0,0.0,0.6685081117702116,0.0,0.0,0.0,0.6685081117702116,0.0,0.0,1.3370162235404233,0.0,0.6685081117702116,0.6685081117702116,0.0,1.3370162235404233,0.0,0.0,0.0,0.0,0.0,0.0
80,EATVLLAR,0.009628076012084099,2,0,0,1,0,0,0,0,0,2,0,0,0,0,1,0,1,1,0,0,0,0,0,0,0.019256152024168197,0.0,0.0,0.009628076012084099,0.0,0.0,0.0,0.0,0.0,0.019256152024168197,0.0,0.0,0.0,0.0,0.009628076012084099,0.0,0.009628076012084099,0.009628076012084099,0.0,0.0,0.0,0.0,0.0,0.0
81,TVVNLGGSK,0.0147604512142072,0,0,0,0,0,2,0,1,0,1,0,1,0,0,0,1,1,2,0,0,0,0,0,0,0.0,0.0,0.0,0.0,0.0,0.0295209024284144,0.0,0.0,0.0147604512142072,0.0147604512142072,0.0,0.0147604512142072,0.0,0.0,0.0,0.0147604512142072,0.0147604512142072,0.0295209024284144,0.0,0.0,0.0,0.0,0.0,0.0
82,MTNGLLNHNKAK,0.05041421717528516,1,0,0,0,0,1,1,2,0,2,1,3,0,0,0,0,1,0,0,0,0,0,0,0,0.05041421717528516,0.0,0.0,0.0,0.0,0.05041421717528516,0.05041421717528516,0.0,0.10082843435057032,0.10082843435057032,0.05041421717528516,0.15124265152585548,0.0,0.0,0.0,0.0,0.05041421717528516,0.0,0.0,0.0,0.0,0.0,0.0,0.0
83,AEYEDLAEK,0.007345576660591377,2,0,1,3,0,0,0,1,0,1,0,0,0,0,0,0,0,0,0,1,0,0,0,0,0.014691153321182754,0.0,0.007345576660591377,0.022036729981774132,0.0,0.0,0.0,0.0,0.007345576660591377,0.007345576660591377,0.0,0.0,0.0,0.0,0.0,0.0,0.0,0.0,0.0,0.007345576660591377,0.0,0.0,0.0,0.0
84,GFSGGSFSR,0.0039846288489057,0,0,0,0,2,3,0,0,0,0,0,0,0,0,1,3,0,0,0,0,0,0,0,0,0.0,0.0,0.0,0.0,0.0079692576978114,0.011953886546717099,0.0,0.0,0.0,0.0,0.0,0.0,0.0,0.0,0.0039846288489057,0.011953886546717099,0.0,0.0,0.0,0.0,0.0,0.0,0.0,0.0
85,VVTVLSPR,,0,0,0,0,0,0,0,0,0,1,0,0,1,0,1,1,1,3,0,0,0,0,0,0,,,,,,,,,,,,,,,,,,,,,,,,
86,AEPYQVTHNK,0.007546540550362273,1,0,0,1,0,0,1,1,0,0,0,1,1,1,0,0,1,1,0,1,0,0,0,0,0.007546540550362273,0.0,0.0,0.007546540550362273,0.0,0.0,0.007546540550362273,0.0,0.007546540550362273,0.0,0.0,0.007546540550362273,0.007546540550362273,0.007546540550362273,0.0,0.0,0.007546540550362273,0.007546540550362273,0.0,0.007546540550362273,0.0,0.0,0.0,0.0
87,AFVPASCPVK,0.009464359739813842,2,1,0,0,1,0,0,1,0,0,0,0,2,0,0,1,0,2,0,0,1,0,0,0,0.018928719479627685,0.009464359739813842,0.0,0.0,0.009464359739813842,0.0,0.0,0.0,0.009464359739813842,0.0,0.0,0.0,0.018928719479627685,0.0,0.0,0.009464359739813842,0.0,0.018928719479627685,0.0,0.0,0.009464359739813842,0.0,0.0,0.0
88,FDHSARLK,0.01089492811893727,1,0,1,0,1,0,1,1,0,1,0,0,0,0,1,1,0,0,0,0,0,0,0,0,0.01089492811893727,0.0,0.01089492811893727,0.0,0.01089492811893727,0.0,0.01089492811893727,0.0,0.01089492811893727,0.01089492811893727,0.0,0.0,0.0,0.0,0.01089492811893727,0.01089492811893727,0.0,0.0,0.0,0.0,0.0,0.0,0.0,0.0
89,VTVNLNSK,0.0166055076159831,0,0,0,0,0,0,0,1,0,1,0,2,0,0,0,1,1,2,0,0,0,0,0,0,0.0,0.0,0.0,0.0,0.0,0.0,0.0,0.0,0.0166055076159831,0.0166055076159831,0.0,0.0332110152319662,0.0,0.0,0.0,0.0166055076159831,0.0166055076159831,0.0332110152319662,0.0,0.0,0.0,0.0,0.0,0.0
90,ALEESNYELEGK,0.010095836789999115,1,0,0,4,0,1,0,1,0,2,0,1,0,0,0,1,0,0,0,1,0,0,1,0,0.010095836789999115,0.0,0.0,0.04038334715999646,0.0,0.010095836789999115,0.0,0.0,0.010095836789999115,0.02019167357999823,0.0,0.010095836789999115,0.0,0.0,0.0,0.010095836789999115,0.0,0.0,0.0,0.010095836789999115,0.0,0.0,0.010095836789999115,0.0
91,NGQKFLNNR,0.09996221068776473,0,0,0,0,1,1,0,1,0,1,0,3,0,1,1,0,0,0,0,0,0,0,0,1,0.0,0.0,0.0,0.0,0.09996221068776473,0.09996221068776473,0.0,0.0,0.09996221068776473,0.09996221068776473,0.0,0.2998866320632942,0.0,0.09996221068776473,0.09996221068776473,0.0,0.0,0.0,0.0,0.0,0.0,0.0,0.0,0.09996221068776473
92,CLTNGNFHTKYK,0.6457697406215651,0,1,0,0,1,1,1,2,0,1,0,3,0,0,0,1,2,0,0,1,1,0,1,0,0.0,0.6457697406215651,0.0,0.0,0.6457697406215651,0.6457697406215651,0.6457697406215651,0.0,1.2915394812431302,0.6457697406215651,0.0,1.9373092218646955,0.0,0.0,0.0,0.6457697406215651,1.2915394812431302,0.0,0.0,0.6457697406215651,0.6457697406215651,0.0,0.6457697406215651,0.0
93,NSMGSNLSVELK,0.02182883630270079,0,0,0,1,0,1,0,1,0,2,1,2,0,0,0,3,0,1,0,0,0,0,0,0,0.0,0.0,0.0,0.02182883630270079,0.0,0.02182883630270079,0.0,0.0,0.02182883630270079,0.04365767260540158,0.02182883630270079,0.04365767260540158,0.0,0.0,0.0,0.06548650890810237,0.0,0.02182883630270079,0.0,0.0,0.0,0.0,0.0,0.0
94,VPGVSLPR,0.6685081117702116,0,0,0,0,0,1,0,0,0,1,0,0,2,0,1,1,0,2,0,0,0,0,0,0,0.0,0.0,0.0,0.0,0.0,0.6685081117702116,0.0,0.0,0.0,0.6685081117702116,0.0,0.0,1.3370162235404233,0.0,0.6685081117702116,0.6685081117702116,0.0,1.3370162235404233,0.0,0.0,0.0,0.0,0.0,0.0
95,MVCLLSGWSNAR,0.009030381684748243,1,1,0,0,0,1,0,0,0,2,1,1,0,0,1,2,0,1,1,0,1,0,0,0,0.009030381684748243,0.009030381684748243,0.0,0.0,0.0,0.009030381684748243,0.0,0.0,0.0,0.018060763369496486,0.009030381684748243,0.009030381684748243,0.0,0.0,0.009030381684748243,0.018060763369496486,0.0,0.009030381684748243,0.009030381684748243,0.0,0.009030381684748243,0.0,0.0,0.0
96,EMR,0.022556464179457482,0,0,0,1,0,0,0,0,0,1,1,1,0,0,1,1,0,3,0,0,0,1,1,0,0.0,0.0,0.0,0.022556464179457482,0.0,0.0,0.0,0.0,0.0,0.022556464179457482,0.022556464179457482,0.022556464179457482,0.0,0.0,0.022556464179457482,0.022556464179457482,0.0,0.06766939253837245,0.0,0.0,0.0,0.022556464179457482,0.022556464179457482,0.0
97,LDVLEGNEQFLNAAK,0.08097458799906626,2,0,1,2,1,1,0,1,0,3,0,2,0,1,0,0,0,1,0,0,0,0,0,0,0.16194917599813252,0.0,0.08097458799906626,0.16194917599813252,0.08097458799906626,0.08097458799906626,0.0,0.0,0.08097458799906626,0.24292376399719878,0.0,0.16194917599813252,0.0,0.08097458799906626,0.0,0.0,0.0,0.08097458799906626,0.0,0.0,0.0,0.0,0.0,0.0
98,AEYEELPMK,0.0031357296593562244,1,0,0,3,0,0,0,1,0,1,1,0,1,0,0,0,0,0,0,1,0,0,0,0,0.0031357296593562244,0.0,0.0,0.009407188978068673,0.0,0.0,0.0,0.0,0.0031357296593562244,0.0031357296593562244,0.0031357296593562244,0.0,0.0031357296593562244,0.0,0.0,0.0,0.0,0.0,0.0,0.0031357296593562244,0.0,0.0,0.0,0.0
99,QQLSGWEDR,0.01696065931773339,0,0,1,1,0,1,0,0,0,1,0,0,0,2,1,1,0,0,1,0,0,0,0,0,0.0,0.0,0.01696065931773339,0.01696065931773339,0.0,0.01696065931773339,0.0,0.0,0.0,0.01696065931773339,0.0,0.0,0.0,0.03392131863546678,0.01696065931773339,0.01696065931773339,0.0,0.0,0.01696065931773339,0.0,0.0,0.0,0.0,0.0
100,RMCLLSGWGNTR,0.024687374389959226,0,1,0,0,0,2,0,0,0,2,1,1,0,0,2,1,1,0,1,0,1,0,0,0,0.0,0.024687374389959226,0.0,0.0,0.0,0.04937474877991845,0.0,0.0,0.0,0.04937474877991845,0.024687374389959226,0.024687374389959226,0.0,0.0,0.04937474877991845,0.024687374389959226,0.024687374389959226,0.0,0.024687374389959226,0.0,0.024687374389959226,0.0,0.0,0.0
101,HQPLTNGNFQWNTK,0.55351692053277,0,0,0,0,1,1,1,1,0,1,0,3,1,2,0,0,2,0,1,0,0,0,0,0,0.0,0.0,0.0,0.0,0.55351692053277,0.55351692053277,0.55351692053277,0.0,0.55351692053277,0.55351692053277,0.0,1.66055076159831,0.55351692053277,1.10703384106554,0.0,0.0,1.10703384106554,0.0,0.55351692053277,0.0,0.0,0.0,0.0,0.0
102,NMMQERPLK,0.018363941651478442,0,0,0,1,0,0,0,1,0,1,2,1,1,1,1,0,0,0,0,0,0,1,0,0,0.0,0.0,0.0,0.018363941651478442,0.0,0.0,0.0,0.0,0.018363941651478442,0.018363941651478442,0.036727883302956885,0.018363941651478442,0.018363941651478442,0.018363941651478442,0.018363941651478442,0.0,0.0,0.0,0.0,0.0,0.0,0.018363941651478442,0.0,0.0
103,MDLYQK,0.3300312155289286,0,0,1,0,0,0,0,1,0,1,1,0,0,1,0,0,0,0,0,1,0,0,0,0,0.0,0.0,0.3300312155289286,0.0,0.0,0.0,0.0,0.0,0.3300312155289286,0.3300312155289286,0.3300312155289286,0.0,0.0,0.3300312155289286,0.0,0.0,0.0,0.0,0.0,0.3300312155289286,0.0,0.0,0.0,0.0
104,GFNSYPSLLQCLK,0.013673007354438957,0,1,0,0,1,1,0,1,0,3,0,1,1,1,0,2,0,0,0,1,1,0,0,0,0.0,0.013673007354438957,0.0,0.0,0.013673007354438957,0.013673007354438957,0.0,0.0,0.013673007354438957,0.04101902206331687,0.0,0.013673007354438957,0.013673007354438957,0.013673007354438957,0.0,0.027346014708877913,0.0,0.0,0.0,0.013673007354438957,0.013673007354438957,0.0,0.0,0.0
105,QNVATVSLPR,0.01217737225172094,1,0,0,0,0,0,0,0,0,1,0,1,1,1,1,1,1,2,0,0,0,0,0,0,0.01217737225172094,0.0,0.0,0.0,0.0,0.0,0.0,0.0,0.0,0.01217737225172094,0.0,0.01217737225172094,0.01217737225172094,0.01217737225172094,0.01217737225172094,0.01217737225172094,0.01217737225172094,0.02435474450344188,0.0,0.0,0.0,0.0,0.0,0.0
106,MDLGYAK,0.28288389902479594,1,0,1,0,0,1,0,1,0,1,1,0,0,0,0,0,0,0,0,1,0,0,0,0,0.28288389902479594,0.0,0.28288389902479594,0.0,0.0,0.28288389902479594,0.0,0.0,0.28288389902479594,0.28288389902479594,0.28288389902479594,0.0,0.0,0.0,0.0,0.0,0.0,0.0,0.0,0.28288389902479594,0.0,0.0,0.0,0.0
107,MHFPHLTSAKK,0.015592025930500564,1,0,0,0,1,0,2,2,0,1,1,0,1,0,0,1,1,0,0,0,0,0,0,0,0.015592025930500564,0.0,0.0,0.0,0.015592025930500564,0.0,0.03118405186100113,0.0,0.03118405186100113,0.015592025930500564,0.015592025930500564,0.0,0.015592025930500564,0.0,0.0,0.015592025930500564,0.015592025930500564,0.0,0.0,0.0,0.0,0.0,0.0,0.0
108,EAVDKSVK,0.00567159943221958,1,0,1,1,0,0,0,2,0,0,0,0,0,0,0,1,0,2,0,0,0,0,0,0,0.00567159943221958,0.0,0.00567159943221958,0.00567159943221958,0.0,0.0,0.0,0.0,0.01134319886443916,0.0,0.0,0.0,0.0,0.0,0.0,0.00567159943221958,0.0,0.01134319886443916,0.0,0.0,0.0,0.0,0.0,0.0
109,NPMLLSGWKGDK,0.006301777146910645,0,1,1,0,0,2,0,2,0,2,1,1,1,0,0,1,0,0,1,0,1,1,0,0,0.0,0.006301777146910645,0.006301777146910645,0.0,0.0,0.01260355429382129,0.0,0.0,0.01260355429382129,0.01260355429382129,0.006301777146910645,0.006301777146910645,0.006301777146910645,0.0,0.0,0.006301777146910645,0.0,0.0,0.006301777146910645,0.0,0.006301777146910645,0.006301777146910645,0.0,0.0
110,GFNSYPSLLQMNR,0.013673007354438957,0,0,0,0,1,1,0,0,0,2,1,2,1,1,1,2,0,0,0,1,0,0,0,0,0.0,0.0,0.0,0.0,0.013673007354438957,0.013673007354438957,0.0,0.0,0.0,0.027346014708877913,0.013673007354438957,0.027346014708877913,0.013673007354438957,0.013673007354438957,0.013673007354438957,0.027346014708877913,0.0,0.0,0.0,0.013673007354438957,0.0,0.0,0.0,0.0
111,CGTLVDLNFDR,0.08334646588303939,0,1,2,0,1,1,0,0,0,2,0,1,0,0,1,0,1,1,0,0,1,0,0,0,0.0,0.08334646588303939,0.16669293176607877,0.0,0.08334646588303939,0.08334646588303939,0.0,0.0,0.0,0.16669293176607877,0.0,0.08334646588303939,0.0,0.0,0.08334646588303939,0.0,0.08334646588303939,0.08334646588303939,0.0,0.0,0.08334646588303939,0.0,0.0,0.0
112,MVTNGNFMWVLK,0.08497654132122807,0,0,0,0,1,1,0,1,0,1,2,2,0,0,0,0,1,2,1,0,0,1,0,0,0.0,0.0,0.0,0.0,0.08497654132122807,0.08497654132122807,0.0,0.0,0.08497654132122807,0.08497654132122807,0.16995308264245615,0.16995308264245615,0.0,0.0,0.0,0.0,0.08497654132122807,0.16995308264245615,0.08497654132122807,0.0,0.0,0.08497654132122807,0.0,0.0
113,CSLTNGNLRMYLK,0.03322300909806659,0,1,0,0,0,1,0,1,0,3,1,2,0,0,1,1,1,0,0,1,1,0,0,0,0.0,0.03322300909806659,0.0,0.0,0.0,0.03322300909806659,0.0,0.0,0.03322300909806659,0.09966902729419977,0.03322300909806659,0.06644601819613317,0.0,0.0,0.03322300909806659,0.03322300909806659,0.03322300909806659,0.0,0.0,0.03322300909806659,0.03322300909806659,0.0,0.0,0.0
114,QVCMWSLLSGWGNTR,0.040123480061154786,0,1,0,0,0,2,0,0,0,2,1,1,0,1,1,2,1,1,2,0,1,0,0,0,0.0,0.040123480061154786,0.0,0.0,0.0,0.08024696012230957,0.0,0.0,0.0,0.08024696012230957,0.040123480061154786,0.040123480061154786,0.0,0.040123480061154786,0.040123480061154786,0.08024696012230957,0.040123480061154786,0.040123480061154786,0.08024696012230957,0.0,0.040123480061154786,0.0,0.0,0.0
115,MNLWEENR,0.008517144164535933,0,0,0,2,0,0,0,0,0,1,1,2,0,0,1,0,0,0,1,0,0,0,0,0,0.0,0.0,0.0,0.017034288329071865,0.0,0.0,0.0,0.0,0.0,0.008517144164535933,0.008517144164535933,0.017034288329071865,0.0,0.0,0.008517144164535933,0.0,0.0,0.0,0.008517144164535933,0.0,0.0,0.0,0.0,0.0
116,CKGSNLSVELK,0.04011403034846964,0,1,0,1,0,1,0,2,0,2,0,2,0,0,0,2,0,1,0,0,1,0,1,0,0.0,0.04011403034846964,0.0,0.04011403034846964,0.0,0.04011403034846964,0.0,0.0,0.08022806069693927,0.08022806069693927,0.0,0.08022806069693927,0.0,0.0,0.0,0.08022806069693927,0.0,0.04011403034846964,0.0,0.0,0.04011403034846964,0.0,0.04011403034846964,0.0
117,EMLGSNLSVQNK,0.021439035654438277,0,0,0,1,0,1,0,1,0,2,1,2,0,1,0,2,0,1,0,0,0,1,0,0,0.0,0.0,0.0,0.021439035654438277,0.0,0.021439035654438277,0.0,0.0,0.021439035654438277,0.04287807130887655,0.021439035654438277,0.04287807130887655,0.0,0.021439035654438277,0.0,0.04287807130887655,0.0,0.021439035654438277,0.0,0.0,0.0,0.021439035654438277,0.0,0.0
118,DTAENEVFTLK,0.003047532340961474,1,0,1,2,1,0,0,1,0,1,0,1,0,0,0,0,2,1,0,0,0,0,1,0,0.003047532340961474,0.0,0.003047532340961474,0.006095064681922948,0.003047532340961474,0.0,0.0,0.0,0.003047532340961474,0.003047532340961474,0.0,0.003047532340961474,0.0,0.0,0.0,0.0,0.006095064681922948,0.003047532340961474,0.0,0.0,0.0,0.0,0.003047532340961474,0.0
119,CHLAQK,0.09615082657142014,1,1,1,0,0,1,1,1,0,3,0,3,0,1,0,1,1,0,0,0,1,0,1,0,0.09615082657142014,0.09615082657142014,0.09615082657142014,0.0,0.0,0.09615082657142014,0.09615082657142014,0.0,0.09615082657142014,0.2884524797142604,0.0,0.2884524797142604,0.0,0.09615082657142014,0.0,0.09615082657142014,0.09615082657142014,0.0,0.0,0.0,0.09615082657142014,0.0,0.09615082657142014,0.0
120,CWNLSNSPNSK,0.04635084072066986,0,1,0,0,0,0,0,1,0,1,0,3,1,0,0,3,0,0,1,0,1,0,0,0,0.0,0.04635084072066986,0.0,0.0,0.0,0.0,0.0,0.0,0.04635084072066986,0.04635084072066986,0.0,0.13905252216200958,0.04635084072066986,0.0,0.0,0.13905252216200958,0.0,0.0,0.04635084072066986,0.0,0.04635084072066986,0.0,0.0,0.0
121,KMQGSNLSVQNK,0.03677119448609716,0,0,0,0,0,1,0,2,0,1,1,2,0,2,0,2,0,1,0,0,0,1,0,0,0.0,0.0,0.0,0.0,0.0,0.03677119448609716,0.0,0.0,0.07354238897219433,0.03677119448609716,0.03677119448609716,0.07354238897219433,0.0,0.07354238897219433,0.0,0.07354238897219433,0.0,0.03677119448609716,0.0,0.0,0.0,0.03677119448609716,0.0,0.0
122,AFSNLSVQNK,0.019801872931735718,1,0,0,0,1,0,0,1,0,1,0,2,0,1,0,2,0,1,0,0,0,0,0,0,0.019801872931735718,0.0,0.0,0.0,0.019801872931735718,0.0,0.0,0.0,0.019801872931735718,0.019801872931735718,0.0,0.039603745863471436,0.0,0.019801872931735718,0.0,0.039603745863471436,0.0,0.019801872931735718,0.0,0.0,0.0,0.0,0.0,0.0
123,QQLSGADGGGTK,0.012720494488300043,1,0,1,0,0,4,0,1,0,1,0,0,0,2,0,1,1,0,0,0,0,0,0,0,0.012720494488300043,0.0,0.012720494488300043,0.0,0.0,0.05088197795320017,0.0,0.0,0.012720494488300043,0.012720494488300043,0.0,0.0,0.0,0.025440988976600087,0.0,0.012720494488300043,0.012720494488300043,0.0,0.0,0.0,0.0,0.0,0.0,0.0
124,WSLSGELMEK,0.011694019447875422,0,0,0,2,0,1,0,1,0,2,1,0,0,0,0,2,0,0,1,0,0,1,0,0,0.0,0.0,0.0,0.023388038895750845,0.0,0.011694019447875422,0.0,0.0,0.011694019447875422,0.023388038895750845,0.011694019447875422,0.0,0.0,0.0,0.0,0.023388038895750845,0.0,0.0,0.011694019447875422,0.0,0.0,0.011694019447875422,0.0,0.0
125,TMVYK,0.010727313840184388,0,1,0,0,0,0,0,1,0,0,1,0,0,0,0,0,1,1,0,1,1,1,0,0,0.0,0.010727313840184388,0.0,0.0,0.0,0.0,0.0,0.0,0.010727313840184388,0.0,0.010727313840184388,0.0,0.0,0.0,0.0,0.0,0.010727313840184388,0.010727313840184388,0.0,0.010727313840184388,0.010727313840184388,0.010727313840184388,0.0,0.0
126,TLELDAEHMK,0.009760608232493353,1,0,1,2,0,0,1,1,0,2,1,0,0,0,0,0,1,0,0,0,0,0,0,0,0.009760608232493353,0.0,0.009760608232493353,0.019521216464986706,0.0,0.0,0.009760608232493353,0.0,0.009760608232493353,0.019521216464986706,0.009760608232493353,0.0,0.0,0.0,0.0,0.0,0.009760608232493353,0.0,0.0,0.0,0.0,0.0,0.0,0.0
127,LNYYWEKFLNAAK,0.011730001046176579,2,0,0,1,1,0,0,2,0,2,0,2,0,0,0,0,0,0,1,2,0,0,1,0,0.023460002092353157,0.0,0.0,0.011730001046176579,0.011730001046176579,0.0,0.0,0.0,0.023460002092353157,0.023460002092353157,0.0,0.023460002092353157,0.0,0.0,0.0,0.0,0.0,0.0,0.011730001046176579,0.023460002092353157,0.0,0.0,0.011730001046176579,0.0
128,KTNLGSNDK,0.011104987357167624,0,0,1,0,0,1,0,2,0,1,0,2,0,0,0,1,1,0,0,0,0,0,1,0,0.0,0.0,0.011104987357167624,0.0,0.0,0.011104987357167624,0.0,0.0,0.022209974714335248,0.011104987357167624,0.0,0.022209974714335248,0.0,0.0,0.0,0.011104987357167624,0.011104987357167624,0.0,0.0,0.0,0.0,0.0,0.011104987357167624,0.0
129,LSTHGHPK,0.004930978200520803,0,0,0,0,0,1,2,1,0,1,0,0,1,0,0,1,1,0,0,0,0,0,0,0,0.0,0.0,0.0,0.0,0.0,0.004930978200520803,0.009861956401041606,0.0,0.004930978200520803,0.004930978200520803,0.0,0.0,0.004930978200520803,0.0,0.0,0.004930978200520803,0.004930978200520803,0.0,0.0,0.0,0.0,0.0,0.0,0.0
130,NHSVPDNK,0.057300695294589574,0,0,1,0,0,0,1,1,0,0,0,2,1,0,0,1,0,1,0,0,0,0,1,0,0.0,0.0,0.057300695294589574,0.0,0.0,0.0,0.057300695294589574,0.0,0.057300695294589574,0.0,0.0,0.11460139058917915,0.057300695294589574,0.0,0.0,0.057300695294589574,0.0,0.057300695294589574,0.0,0.0,0.0,0.0,0.057300695294589574,0.0
131,HHLSGWHYK,0.006340757211736896,0,0,0,0,0,1,3,1,0,1,0,0,0,0,0,1,0,0,1,1,0,0,0,0,0.0,0.0,0.0,0.0,0.0,0.006340757211736896,0.01902227163521069,0.0,0.006340757211736896,0.006340757211736896,0.0,0.0,0.0,0.0,0.0,0.006340757211736896,0.0,0.0,0.006340757211736896,0.006340757211736896,0.0,0.0,0.0,0.0
132,NWQFLNNR,0.11245748702373531,0,0,0,0,1,0,0,0,0,1,0,3,0,1,1,0,0,0,1,0,0,0,0,0,0.0,0.0,0.0,0.0,0.11245748702373531,0.0,0.0,0.0,0.0,0.11245748702373531,0.0,0.33737246107120594,0.0,0.11245748702373531,0.11245748702373531,0.0,0.0,0.0,0.11245748702373531,0.0,0.0,0.0,0.0,0.0
133,ATKECLLSGWHYK,0.018110737811581425,1,1,0,1,0,1,1,2,0,2,0,0,0,0,0,1,1,0,1,1,1,0,0,0,0.018110737811581425,0.018110737811581425,0.0,0.018110737811581425,0.0,0.018110737811581425,0.018110737811581425,0.0,0.03622147562316285,0.03622147562316285,0.0,0.0,0.0,0.0,0.0,0.018110737811581425,0.018110737811581425,0.0,0.018110737811581425,0.018110737811581425,0.018110737811581425,0.0,0.0,0.0
134,CGNTREVYR,0.06410055104761343,0,1,1,1,0,1,0,0,0,1,0,2,0,0,2,1,2,1,0,1,1,0,1,0,0.0,0.06410055104761343,0.06410055104761343,0.06410055104761343,0.0,0.06410055104761343,0.0,0.0,0.0,0.06410055104761343,0.0,0.12820110209522687,0.0,0.0,0.12820110209522687,0.06410055104761343,0.12820110209522687,0.06410055104761343,0.0,0.06410055104761343,0.06410055104761343,0.0,0.06410055104761343,0.0
135,NMQSVELK,0.001724867868561625,0,0,0,1,0,0,0,1,0,1,1,1,0,1,0,1,0,1,0,0,0,1,0,0,0.0,0.0,0.0,0.001724867868561625,0.0,0.0,0.0,0.0,0.001724867868561625,0.001724867868561625,0.001724867868561625,0.001724867868561625,0.0,0.001724867868561625,0.0,0.001724867868561625,0.0,0.001724867868561625,0.0,0.0,0.0,0.001724867868561625,0.0,0.0
136,QAVDKVSK,0.00567159943221958,1,0,1,0,0,0,0,2,0,0,0,0,0,1,0,1,0,2,0,0,0,0,0,1,0.00567159943221958,0.0,0.00567159943221958,0.0,0.0,0.0,0.0,0.0,0.01134319886443916,0.0,0.0,0.0,0.0,0.00567159943221958,0.0,0.00567159943221958,0.0,0.01134319886443916,0.0,0.0,0.0,0.0,0.0,0.00567159943221958
137,HMLMHLYVPR,0.0690726748721175,0,0,0,0,0,0,2,0,0,2,2,0,1,0,1,0,0,1,0,1,0,0,0,0,0.0,0.0,0.0,0.0,0.0,0.0,0.138145349744235,0.0,0.0,0.138145349744235,0.138145349744235,0.0,0.0690726748721175,0.0,0.0690726748721175,0.0,0.0,0.0690726748721175,0.0,0.0690726748721175,0.0,0.0,0.0,0.0
138,KMWYWWLSTSNLSVQNK,0.02247086089983905,0,0,0,0,0,0,0,2,0,2,1,2,0,1,0,3,1,1,3,1,0,0,0,0,0.0,0.0,0.0,0.0,0.0,0.0,0.0,0.0,0.0449417217996781,0.0449417217996781,0.02247086089983905,0.0449417217996781,0.0,0.02247086089983905,0.0,0.06741258269951715,0.02247086089983905,0.02247086089983905,0.06741258269951715,0.02247086089983905,0.0,0.0,0.0,0.0
139,MCDGAAATK,0.12837434682778798,3,1,1,0,0,1,0,1,0,0,1,1,0,0,0,0,1,0,0,0,1,0,1,0,0.38512304048336393,0.12837434682778798,0.12837434682778798,0.0,0.0,0.12837434682778798,0.0,0.0,0.12837434682778798,0.0,0.12837434682778798,0.12837434682778798,0.0,0.0,0.0,0.0,0.12837434682778798,0.0,0.0,0.0,0.12837434682778798,0.0,0.12837434682778798,0.0
140,WYVAHMNPLK,0.0025103161748105908,1,0,0,0,0,0,1,1,0,1,1,1,1,0,0,0,0,1,1,1,0,1,0,0,0.0025103161748105908,0.0,0.0,0.0,0.0,0.0,0.0025103161748105908,0.0,0.0025103161748105908,0.0025103161748105908,0.0025103161748105908,0.0025103161748105908,0.0025103161748105908,0.0,0.0,0.0,0.0,0.0025103161748105908,0.0025103161748105908,0.0025103161748105908,0.0,0.0025103161748105908,0.0,0.0
141,KWCGSNLSVELK,0.03287318800347202,0,1,0,1,0,1,0,2,0,2,0,1,0,0,0,2,0,1,1,0,1,0,0,0,0.0,0.03287318800347202,0.0,0.03287318800347202,0.0,0.03287318800347202,0.0,0.0,0.06574637600694404,0.06574637600694404,0.0,0.03287318800347202,0.0,0.0,0.0,0.06574637600694404,0.0,0.03287318800347202,0.03287318800347202,0.0,0.03287318800347202,0.0,0.0,0.0
142,YPEGELVDLCMLK,0.18350615133589124,0,1,1,2,0,1,0,1,0,3,1,0,1,0,0,0,0,1,0,1,1,0,0,0,0.0,0.18350615133589124,0.18350615133589124,0.3670123026717825,0.0,0.18350615133589124,0.0,0.0,0.18350615133589124,0.5505184540076737,0.18350615133589124,0.0,0.18350615133589124,0.0,0.0,0.0,0.0,0.18350615133589124,0.0,0.18350615133589124,0.18350615133589124,0.0,0.0,0.0
143,NMGGSNLSVELK,0.01325322204092548,0,0,0,1,0,2,0,1,0,2,1,2,0,0,0,2,0,1,0,0,0,1,0,0,0.0,0.0,0.0,0.01325322204092548,0.0,0.02650644408185096,0.0,0.0,0.01325322204092548,0.02650644408185096,0.01325322204092548,0.02650644408185096,0.0,0.0,0.0,0.02650644408185096,0.0,0.01325322204092548,0.0,0.0,0.0,0.01325322204092548,0.0,0.0
144,HRENGELVDQMLEK,0.019824147254493572,0,0,1,3,0,1,1,1,0,2,1,1,0,1,1,0,0,1,0,0,0,1,0,0,0.0,0.0,0.019824147254493572,0.05947244176348072,0.0,0.019824147254493572,0.019824147254493572,0.0,0.019824147254493572,0.039648294508987145,0.019824147254493572,0.019824147254493572,0.0,0.019824147254493572,0.019824147254493572,0.0,0.0,0.019824147254493572,0.0,0.0,0.0,0.019824147254493572,0.0,0.0
145,MHMLHLPYVR,0.00193341121538207,0,0,0,0,0,0,2,0,0,2,2,0,1,0,1,0,0,1,0,1,0,0,0,0,0.0,0.0,0.0,0.0,0.0,0.0,0.00386682243076414,0.0,0.0,0.00386682243076414,0.00386682243076414,0.0,0.00193341121538207,0.0,0.00193341121538207,0.0,0.0,0.00193341121538207,0.0,0.00193341121538207,0.0,0.0,0.0,0.0
146,MHLMHLTSKAK,0.0627933407928341,1,0,0,0,0,0,2,2,0,2,2,0,0,0,0,1,1,0,0,0,0,0,0,0,0.0627933407928341,0.0,0.0,0.0,0.0,0.0,0.1255866815856682,0.0,0.1255866815856682,0.1255866815856682,0.1255866815856682,0.0,0.0,0.0,0.0,0.0627933407928341,0.0627933407928341,0.0,0.0,0.0,0.0,0.0,0.0,0.0
147,FVTNGNLLCR,0.10197184958547369,0,1,0,0,2,1,0,0,0,2,0,3,0,0,1,0,1,1,0,0,1,0,1,0,0.0,0.10197184958547369,0.0,0.0,0.20394369917094737,0.10197184958547369,0.0,0.0,0.0,0.20394369917094737,0.0,0.3059155487564211,0.0,0.0,0.10197184958547369,0.0,0.10197184958547369,0.10197184958547369,0.0,0.0,0.10197184958547369,0.0,0.10197184958547369,0.0
148,QVFNPAPDK,0.01974989951196738,1,0,1,0,1,0,0,1,0,0,0,1,2,1,0,0,0,1,0,0,0,0,1,0,0.01974989951196738,0.0,0.01974989951196738,0.0,0.01974989951196738,0.0,0.0,0.0,0.01974989951196738,0.0,0.0,0.01974989951196738,0.03949979902393476,0.01974989951196738,0.0,0.0,0.0,0.01974989951196738,0.0,0.0,0.0,0.0,0.01974989951196738,0.0
149,HWHYDWVWSDLSVKNK,0.006071145096688657,0,0,2,0,0,0,2,2,0,1,0,1,0,0,0,2,0,2,3,1,0,0,0,0,0.0,0.0,0.012142290193377314,0.0,0.0,0.0,0.012142290193377314,0.0,0.012142290193377314,0.006071145096688657,0.0,0.006071145096688657,0.0,0.0,0.0,0.012142290193377314,0.0,0.012142290193377314,0.01821343529006597,0.006071145096688657,0.0,0.0,0.0,0.0
150,MHLMHLTSAKK,0.0005839922439423848,1,0,0,0,0,0,2,2,0,2,2,0,0,0,0,1,1,0,0,0,0,0,0,0,0.0005839922439423848,0.0,0.0,0.0,0.0,0.0,0.0011679844878847696,0.0,0.0011679844878847696,0.0011679844878847696,0.0011679844878847696,0.0,0.0,0.0,0.0,0.0005839922439423848,0.0005839922439423848,0.0,0.0,0.0,0.0,0.0,0.0,0.0
151,YVHSKPSR,0.004151376903995775,0,0,0,0,0,0,1,1,0,0,0,0,1,0,1,2,0,1,0,1,0,0,0,0,0.0,0.0,0.0,0.0,0.0,0.0,0.004151376903995775,0.0,0.004151376903995775,0.0,0.0,0.0,0.004151376903995775,0.0,0.004151376903995775,0.00830275380799155,0.0,0.004151376903995775,0.0,0.004151376903995775,0.0,0.0,0.0,0.0
152,YFAVTVLVLK,0.0008965414910037824,1,0,0,0,1,0,0,1,0,2,0,0,0,0,0,0,1,3,0,1,0,0,0,0,0.0008965414910037824,0.0,0.0,0.0,0.0008965414910037824,0.0,0.0,0.0,0.0008965414910037824,0.0017930829820075648,0.0,0.0,0.0,0.0,0.0,0.0,0.0008965414910037824,0.002689624473011347,0.0,0.0008965414910037824,0.0,0.0,0.0,0.0
153,MTDLMPESAPSK,0.04248827066061404,1,0,1,1,0,0,0,1,0,1,2,0,2,0,0,2,1,0,0,0,0,0,0,0,0.04248827066061404,0.0,0.04248827066061404,0.04248827066061404,0.0,0.0,0.0,0.0,0.04248827066061404,0.04248827066061404,0.08497654132122807,0.0,0.08497654132122807,0.0,0.0,0.08497654132122807,0.04248827066061404,0.0,0.0,0.0,0.0,0.0,0.0,0.0
154,HMLMHLMLVR,0.0690726748721175,0,0,0,0,0,0,2,0,0,3,3,0,0,0,1,0,0,1,0,0,0,1,0,0,0.0,0.0,0.0,0.0,0.0,0.0,0.138145349744235,0.0,0.0,0.20721802461635253,0.20721802461635253,0.0,0.0,0.0,0.0690726748721175,0.0,0.0,0.0690726748721175,0.0,0.0,0.0,0.0690726748721175,0.0,0.0
155,QAYNGWAEK,0.0041925225279790404,2,0,0,1,0,1,0,1,0,0,0,1,0,1,0,0,0,0,1,1,0,0,0,0,0.008385045055958081,0.0,0.0,0.0041925225279790404,0.0,0.0041925225279790404,0.0,0.0,0.0041925225279790404,0.0,0.0,0.0041925225279790404,0.0,0.0041925225279790404,0.0,0.0,0.0,0.0,0.0041925225279790404,0.0041925225279790404,0.0,0.0,0.0,0.0
156,APEYSAECQGAATK,0.014366938178818376,4,1,0,2,0,1,0,1,0,2,1,0,1,1,0,2,1,0,0,1,1,1,0,0,0.057467752715273504,0.014366938178818376,0.0,0.028733876357636752,0.0,0.014366938178818376,0.0,0.0,0.014366938178818376,0.028733876357636752,0.014366938178818376,0.0,0.014366938178818376,0.014366938178818376,0.0,0.028733876357636752,0.014366938178818376,0.0,0.0,0.014366938178818376,0.014366938178818376,0.014366938178818376,0.0,0.0
157,SCK,0.052493153966018564,3,2,0,0,0,0,0,1,0,0,2,0,0,0,0,1,0,0,0,0,2,2,0,0,0.1574794618980557,0.10498630793203713,0.0,0.0,0.0,0.0,0.0,0.0,0.052493153966018564,0.0,0.10498630793203713,0.0,0.0,0.0,0.0,0.052493153966018564,0.0,0.0,0.0,0.0,0.10498630793203713,0.10498630793203713,0.0,0.0
158,FLVYNYMVPYK,0.01459980609855962,0,0,0,0,1,0,0,1,0,1,2,1,1,0,0,0,0,2,0,3,0,2,0,0,0.0,0.0,0.0,0.0,0.01459980609855962,0.0,0.0,0.0,0.01459980609855962,0.01459980609855962,0.02919961219711924,0.01459980609855962,0.01459980609855962,0.0,0.0,0.0,0.0,0.02919961219711924,0.0,0.04379941829567886,0.0,0.02919961219711924,0.0,0.0
159,FTDTEELVDLQMEK,0.019824147254493572,0,0,2,3,1,0,0,1,0,2,1,0,0,1,0,0,2,1,0,0,0,1,0,0,0.0,0.0,0.039648294508987145,0.05947244176348072,0.019824147254493572,0.0,0.0,0.0,0.019824147254493572,0.039648294508987145,0.019824147254493572,0.0,0.0,0.019824147254493572,0.0,0.0,0.039648294508987145,0.019824147254493572,0.0,0.0,0.0,0.019824147254493572,0.0,0.0
160,HACYSNLSVELK,0.03287318800347202,1,1,0,1,0,0,1,1,0,2,0,1,0,0,0,2,0,1,0,1,1,0,0,0,0.03287318800347202,0.03287318800347202,0.0,0.03287318800347202,0.0,0.0,0.03287318800347202,0.0,0.03287318800347202,0.06574637600694404,0.0,0.03287318800347202,0.0,0.0,0.0,0.06574637600694404,0.0,0.03287318800347202,0.0,0.03287318800347202,0.03287318800347202,0.0,0.0,0.0
161,VAHKLFR,,1,0,0,0,1,0,1,1,0,1,0,0,0,0,1,0,0,1,0,0,0,0,0,0,,,,,,,,,,,,,,,,,,,,,,,,
162,KATVNLPR,0.09725526174149726,1,0,0,0,0,0,0,1,0,1,0,1,1,0,1,0,1,1,0,0,0,0,0,0,0.09725526174149726,0.0,0.0,0.0,0.0,0.0,0.0,0.0,0.09725526174149726,0.09725526174149726,0.0,0.09725526174149726,0.09725526174149726,0.0,0.09725526174149726,0.0,0.09725526174149726,0.09725526174149726,0.0,0.0,0.0,0.0,0.0,0.0
163,EASPAFMDK,0.014587206481646083,2,1,1,1,1,0,0,1,0,0,1,0,1,0,0,1,0,0,0,0,1,1,0,0,0.029174412963292165,0.014587206481646083,0.014587206481646083,0.014587206481646083,0.014587206481646083,0.0,0.0,0.0,0.014587206481646083,0.0,0.014587206481646083,0.0,0.014587206481646083,0.0,0.0,0.014587206481646083,0.0,0.0,0.0,0.0,0.014587206481646083,0.014587206481646083,0.0,0.0
164,NPPLETK,0.031852281543736864,0,0,0,1,0,0,0,1,0,1,0,1,2,0,0,0,1,0,0,0,0,0,0,0,0.0,0.0,0.0,0.031852281543736864,0.0,0.0,0.0,0.0,0.031852281543736864,0.031852281543736864,0.0,0.031852281543736864,0.06370456308747373,0.0,0.0,0.0,0.031852281543736864,0.0,0.0,0.0,0.0,0.0,0.0,0.0
165,VYHSKVLK,0.008945924877624698,0,0,0,0,0,0,1,2,0,1,0,0,0,0,0,1,0,2,0,1,0,0,0,0,0.0,0.0,0.0,0.0,0.0,0.0,0.008945924877624698,0.0,0.017891849755249396,0.008945924877624698,0.0,0.0,0.0,0.0,0.0,0.008945924877624698,0.0,0.017891849755249396,0.0,0.008945924877624698,0.0,0.0,0.0,0.0
166,LLTGPDPDK,0.15799919609573904,0,0,2,0,0,1,0,1,0,2,0,0,2,0,0,0,1,0,0,0,0,0,0,0,0.0,0.0,0.3159983921914781,0.0,0.0,0.15799919609573904,0.0,0.0,0.15799919609573904,0.3159983921914781,0.0,0.0,0.3159983921914781,0.0,0.0,0.0,0.15799919609573904,0.0,0.0,0.0,0.0,0.0,0.0,0.0
167,VAWRHLTEER,0.006174442268478224,1,0,0,2,0,0,1,0,0,1,0,0,0,0,2,0,1,1,1,0,0,0,0,0,0.006174442268478224,0.0,0.0,0.012348884536956447,0.0,0.0,0.006174442268478224,0.0,0.0,0.006174442268478224,0.0,0.0,0.0,0.0,0.012348884536956447,0.0,0.006174442268478224,0.006174442268478224,0.006174442268478224,0.0,0.0,0.0,0.0,0.0
168,LVEYPDRSR,0.010030870015288696,0,0,1,1,0,0,0,0,0,1,0,0,1,0,2,1,0,1,0,1,0,0,0,0,0.0,0.0,0.010030870015288696,0.010030870015288696,0.0,0.0,0.0,0.0,0.0,0.010030870015288696,0.0,0.0,0.010030870015288696,0.0,0.020061740030577393,0.010030870015288696,0.0,0.010030870015288696,0.0,0.010030870015288696,0.0,0.0,0.0,0.0
169,LLTHPNMNGNGMYTK,0.011538099188570418,0,0,0,0,0,2,1,1,0,2,2,3,1,0,0,0,2,0,0,1,0,1,0,0,0.0,0.0,0.0,0.0,0.0,0.023076198377140835,0.011538099188570418,0.0,0.011538099188570418,0.023076198377140835,0.023076198377140835,0.03461429756571125,0.011538099188570418,0.0,0.0,0.0,0.023076198377140835,0.0,0.0,0.011538099188570418,0.0,0.011538099188570418,0.0,0.0
170,LLTGPDPDK,0.15799919609573904,0,0,2,0,0,1,0,1,0,2,0,0,2,0,0,0,1,0,0,0,0,0,0,0,0.0,0.0,0.3159983921914781,0.0,0.0,0.15799919609573904,0.0,0.0,0.15799919609573904,0.3159983921914781,0.0,0.0,0.3159983921914781,0.0,0.0,0.0,0.15799919609573904,0.0,0.0,0.0,0.0,0.0,0.0,0.0
171,FANSLSVQNK,0.019801872931735718,1,0,0,0,1,0,0,1,0,1,0,2,0,1,0,2,0,1,0,0,0,0,0,0,0.019801872931735718,0.0,0.0,0.0,0.019801872931735718,0.0,0.0,0.0,0.019801872931735718,0.019801872931735718,0.0,0.039603745863471436,0.0,0.019801872931735718,0.0,0.039603745863471436,0.0,0.019801872931735718,0.0,0.0,0.0,0.0,0.0,0.0
172,KATECLLSNEANSK,0.005279014493612334,2,1,0,2,0,0,0,2,0,2,0,2,0,0,0,2,1,0,0,0,1,0,0,0,0.010558028987224667,0.005279014493612334,0.0,0.010558028987224667,0.0,0.0,0.0,0.0,0.010558028987224667,0.010558028987224667,0.0,0.010558028987224667,0.0,0.0,0.0,0.010558028987224667,0.005279014493612334,0.0,0.0,0.0,0.005279014493612334,0.0,0.0,0.0
173,NSMSVLLEK,0.0037420862233201353,0,0,0,1,0,0,0,1,0,2,1,1,0,0,0,2,0,1,0,0,0,0,0,0,0.0,0.0,0.0,0.0037420862233201353,0.0,0.0,0.0,0.0,0.0037420862233201353,0.007484172446640271,0.0037420862233201353,0.0037420862233201353,0.0,0.0,0.0,0.007484172446640271,0.0,0.0037420862233201353,0.0,0.0,0.0,0.0,0.0,0.0
174,MK,0.03235345380578867,0,1,0,0,0,0,0,1,0,1,3,0,0,0,0,0,0,0,1,0,1,2,0,0,0.0,0.03235345380578867,0.0,0.0,0.0,0.0,0.0,0.0,0.03235345380578867,0.03235345380578867,0.09706036141736601,0.0,0.0,0.0,0.0,0.0,0.0,0.0,0.03235345380578867,0.0,0.03235345380578867,0.06470690761157734,0.0,0.0
175,MMLSGGLVAHNPDK,0.027954275061111724,1,0,1,0,0,2,1,1,0,2,2,1,1,0,0,1,0,1,0,0,0,1,0,0,0.027954275061111724,0.0,0.027954275061111724,0.0,0.0,0.05590855012222345,0.027954275061111724,0.0,0.027954275061111724,0.05590855012222345,0.05590855012222345,0.027954275061111724,0.027954275061111724,0.0,0.0,0.027954275061111724,0.0,0.027954275061111724,0.0,0.0,0.0,0.027954275061111724,0.0,0.0
176,CLLSTQYHK,0.00777868849199417,0,1,0,0,0,0,1,1,0,2,0,0,0,1,0,1,1,0,0,1,1,0,0,0,0.0,0.00777868849199417,0.0,0.0,0.0,0.0,0.00777868849199417,0.0,0.00777868849199417,0.01555737698398834,0.0,0.0,0.0,0.00777868849199417,0.0,0.00777868849199417,0.00777868849199417,0.0,0.0,0.00777868849199417,0.00777868849199417,0.0,0.0,0.0
177,WQGMQSVLEK,0.007608908654084276,0,0,0,1,0,1,0,1,0,1,1,0,0,2,0,1,0,1,1,0,0,1,0,0,0.0,0.0,0.0,0.007608908654084276,0.0,0.007608908654084276,0.0,0.0,0.007608908654084276,0.007608908654084276,0.007608908654084276,0.0,0.0,0.015217817308168551,0.0,0.007608908654084276,0.0,0.007608908654084276,0.007608908654084276,0.0,0.0,0.007608908654084276,0.0,0.0
178,NLDHEMHSK,0.0049721238245040685,0,0,1,1,0,0,2,1,0,1,1,1,0,0,0,1,0,0,0,0,0,1,0,0,0.0,0.0,0.0049721238245040685,0.0049721238245040685,0.0,0.0,0.009944247649008137,0.0,0.0049721238245040685,0.0049721238245040685,0.0049721238245040685,0.0049721238245040685,0.0,0.0,0.0,0.0049721238245040685,0.0,0.0,0.0,0.0,0.0,0.0049721238245040685,0.0,0.0
