Protein Group,Protein ID,Protein Accession,Peptide,Unique,-10lgP,Mass,Length,ppm,m/z,z,RT,Area Trocas7-206-Chav,Fraction,Scan,Source File,#Spec,#Spec Trocas7-206-Chav,Start,End,PTM,AScore
9,5276,GROUPS_12647683_PROKKA_470485,R.LSSPATARN(+.98)R.D,Y,30.88,1072.5625,10,-10.3,537.2830,2,51.22,7.66E6,26,9148,20210407_Trocas7_663_Chav206_DDA_120min_1.raw,4,4,7,16,Deamidation (NQ),N9:Deamidation (NQ):1000.00
3,5934,KNOT_32538509_PROKKA_854302,R.VVVESLPR.Q,Y,29.47,897.5283,8,0.7,449.7718,2,67.51,6.96E6,26,11750,20210407_Trocas7_663_Chav206_DDA_120min_1.raw,6,6,77,84,,
3,5935,KNOT_32373984_PROKKA_848250,Y.VVVESLPR.T,Y,29.47,897.5283,8,0.7,449.7718,2,67.51,6.96E6,26,11750,20210407_Trocas7_663_Chav206_DDA_120min_1.raw,6,6,121,128,,
10,2492,KNOT_11443525_PROKKA_534238,E.VAEVSLPR.V,Y,26.22,869.4970,8,0.4,435.7560,2,63.52,5.52E6,26,11139,20210407_Trocas7_663_Chav206_DDA_120min_1.raw,4,4,43,50,,
26,6924,GROUPS_13123568_PROKKA_522913,E.LSSNYLGASR.K,Y,25.24,1066.5406,10,-2.2,534.2764,2,45.69,3.54E5,26,8181,20210407_Trocas7_663_Chav206_DDA_120min_1.raw,1,1,125,134,,
6,2481,KNOT_5879241_PROKKA_348517,C.LATVSLPR.D,Y,24.77,855.5178,8,1.0,428.7666,2,59.72,4.21E7,26,10520,20210407_Trocas7_663_Chav206_DDA_120min_1.raw,5,5,5,12,,
7,4789,GROUPS_9140978_PROKKA_212107,P.VVTVTVPR.I,Y,22.87,869.5334,8,-6.7,435.7711,2,61.12,1.12E8,26,10741,20210407_Trocas7_663_Chav206_DDA_120min_1.raw,5,5,20,27,,
12,5202,GROUPS_14067386_PROKKA_594436,R.PVTVSLPR.G,Y,22.85,867.5178,8,0.3,434.7663,2,81.26,8.79E4,26,13793,20210407_Trocas7_663_Chav206_DDA_120min_1.raw,2,2,15,22,,
2,6926,KNOT_13489551_PROKKA_583098,N.VAKHFLR.T,Y,22.22,869.5235,7,12.0,435.7743,2,66.55,0,26,11603,20210407_Trocas7_663_Chav206_DDA_120min_1.raw,7,7,31,37,,
2,6928,KNOT_22497602_PROKKA_733264,K.VAKHFLR.G,Y,22.22,869.5235,7,12.0,435.7743,2,66.55,0,26,11603,20210407_Trocas7_663_Chav206_DDA_120min_1.raw,7,7,336,342,,
29,5938,KNOT_8590074_PROKKA_451923,S.RSLQVR.Q,Y,22.10,757.4559,6,-0.4,379.7350,2,21.85,2.69E4,26,4430,20210407_Trocas7_663_Chav206_DDA_120min_1.raw,1,1,3,8,,
29,5939,KNOT_21901691_PROKKA_714089,G.RSLQVR.L,Y,22.10,757.4559,6,-0.4,379.7350,2,21.85,2.69E4,26,4430,20210407_Trocas7_663_Chav206_DDA_120min_1.raw,1,1,120,125,,
29,5940,KNOT_8410314_PROKKA_445578,Q.RSIQVR.L,Y,22.10,757.4559,6,-0.4,379.7350,2,21.85,2.69E4,26,4430,20210407_Trocas7_663_Chav206_DDA_120min_1.raw,1,1,38,43,,
29,5941,KNOT_31750102_PROKKA_834452,A.RSLQVR.L,Y,22.10,757.4559,6,-0.4,379.7350,2,21.85,2.69E4,26,4430,20210407_Trocas7_663_Chav206_DDA_120min_1.raw,1,1,3,8,,
29,5942,KNOT_19887706_PROKKA_683781,E.RSIQVR.L,Y,22.10,757.4559,6,-0.4,379.7350,2,21.85,2.69E4,26,4430,20210407_Trocas7_663_Chav206_DDA_120min_1.raw,1,1,127,132,,
29,5944,KNOT_13440531_PROKKA_582283,K.RSIQVR.I,Y,22.10,757.4559,6,-0.4,379.7350,2,21.85,2.69E4,26,4430,20210407_Trocas7_663_Chav206_DDA_120min_1.raw,1,1,198,203,,
29,5948,KNOT_27597537_PROKKA_784942,Y.RSLQVR.Q,Y,22.10,757.4559,6,-0.4,379.7350,2,21.85,2.69E4,26,4430,20210407_Trocas7_663_Chav206_DDA_120min_1.raw,1,1,367,372,,
13,6927,GROUPS_6489841_PROKKA_88215,M(+15.99)SNLIDEDLNQ.Q,Y,21.90,1306.5710,11,-6.6,654.2885,2,65.12,1.17E5,26,11388,20210407_Trocas7_663_Chav206_DDA_120min_1.raw,2,2,1,11,Oxidation (M),M1:Oxidation (M):1000.00
8,4796,KNOT_2166087_PROKKA_146631,Y.VPRSLPR.E,Y,21.61,823.5028,7,-12.6,412.7535,2,58.66,5.32E6,26,10346,20210407_Trocas7_663_Chav206_DDA_120min_1.raw,4,4,10,16,,
8,4797,KNOT_14573911_PROKKA_604957,K.VPRSLPR.I,Y,21.61,823.5028,7,-12.6,412.7535,2,58.66,5.32E6,26,10346,20210407_Trocas7_663_Chav206_DDA_120min_1.raw,4,4,141,147,,
8,2544,KNOT_2519828_PROKKA_172943,K.VPRSLPR.V,Y,21.61,823.5028,7,-12.6,412.7535,2,58.66,5.32E6,26,10346,20210407_Trocas7_663_Chav206_DDA_120min_1.raw,4,4,20,26,,
28,2561,KNOT_4440374_PROKKA_301879,K.LSGWGKDK.T,Y,21.58,889.4658,8,0.2,445.7403,2,47.25,3.11E5,26,8425,20210407_Trocas7_663_Chav206_DDA_120min_1.raw,1,1,348,355,,
30,6929,GROUPS_8423012_PROKKA_158061,K.VADIDIPR.N,Y,21.12,897.4919,8,0.4,449.7534,2,66.02,1.83E5,26,11523,20210407_Trocas7_663_Chav206_DDA_120min_1.raw,1,1,53,60,,
31,6930,KNOT_526384_PROKKA_33772,G.LGTVDIPR.V,Y,20.86,869.4971,8,-1.5,435.7552,2,60.22,3.07E6,26,10599,20210407_Trocas7_663_Chav206_DDA_120min_1.raw,1,1,52,59,,
31,6931,KNOT_13494751_PROKKA_583174,K.IGTVDLPR.S,Y,20.86,869.4971,8,-1.5,435.7552,2,60.22,3.07E6,26,10599,20210407_Trocas7_663_Chav206_DDA_120min_1.raw,1,1,652,659,,
14,6932,KNOT_6603157_PROKKA_374993,K.WLAGVLNEGKRPAAAAAK.S,Y,20.12,1822.0212,18,-0.7,912.0173,2,8.25,8.47E4,26,1573,20210407_Trocas7_663_Chav206_DDA_120min_1.raw,2,2,277,294,,
